/*
SQLyog Ultimate v12.09 (64 bit)
MySQL - 5.7.32 : Database - taobao
*********************************************************************
*/

/*!40101 SET NAMES utf8 */;

/*!40101 SET SQL_MODE=''*/;

/*!40014 SET @OLD_UNIQUE_CHECKS=@@UNIQUE_CHECKS, UNIQUE_CHECKS=0 */;
/*!40014 SET @OLD_FOREIGN_KEY_CHECKS=@@FOREIGN_KEY_CHECKS, FOREIGN_KEY_CHECKS=0 */;
/*!40101 SET @OLD_SQL_MODE=@@SQL_MODE, SQL_MODE='NO_AUTO_VALUE_ON_ZERO' */;
/*!40111 SET @OLD_SQL_NOTES=@@SQL_NOTES, SQL_NOTES=0 */;
CREATE DATABASE /*!32312 IF NOT EXISTS*/`taobao` /*!40100 DEFAULT CHARACTER SET utf8 */;

USE `taobao`;

/*Table structure for table `comment` */

DROP TABLE IF EXISTS `comment`;

CREATE TABLE `comment` (
  `cust_id` int(11) NOT NULL COMMENT '用户id',
  `goods_id` int(11) NOT NULL COMMENT '图片id',
  `score` varchar(10) NOT NULL COMMENT '评价',
  `Comment` varchar(100) NOT NULL COMMENT '评论',
  `order_id` int(11) NOT NULL COMMENT '订单号',
  `StoreReviews` varchar(30) NOT NULL COMMENT '商店评价',
  `time` varchar(50) DEFAULT NULL COMMENT '评论时间',
  PRIMARY KEY (`order_id`)
) ENGINE=InnoDB DEFAULT CHARSET=utf8;

/*Data for the table `comment` */

insert  into `comment`(`cust_id`,`goods_id`,`score`,`Comment`,`order_id`,`StoreReviews`,`time`) values (2,134,'好评','1',20687117,'5,5,5','2022-05-15 20:04:02'),(1,126,'中评','不好吃',40405949,'1,1,1','2022-05-15 20:16:49'),(2,126,'好评','1',89328656,'5,5,5','2022-05-15 20:03:56'),(1,121,'好评','1',307675780,'1,1,1','2022-05-15 20:41:08'),(1,124,'中评','很好',702073254,'1,1,1','2022-05-15 20:48:56'),(1,184,'好评','1',926974785,'1,1,1','2022-05-15 20:42:55');

/*Table structure for table `customer` */

DROP TABLE IF EXISTS `customer`;

CREATE TABLE `customer` (
  `cust_id` int(10) NOT NULL AUTO_INCREMENT COMMENT '顾客id',
  `cust_account` varchar(10) DEFAULT NULL COMMENT '顾客账号',
  `cust_pwd` varchar(10) DEFAULT NULL COMMENT '顾客密码',
  `cust_phone` varchar(11) DEFAULT NULL COMMENT '顾客号码',
  `cust_balance` double DEFAULT '0' COMMENT '顾客余额',
  `cust_img` varchar(100) NOT NULL COMMENT '顾客头像',
  `cust_integral` double DEFAULT NULL,
  `cust_vip` int(11) DEFAULT NULL,
  PRIMARY KEY (`cust_id`)
) ENGINE=InnoDB AUTO_INCREMENT=29 DEFAULT CHARSET=utf8;

/*Data for the table `customer` */

insert  into `customer`(`cust_id`,`cust_account`,`cust_pwd`,`cust_phone`,`cust_balance`,`cust_img`,`cust_integral`,`cust_vip`) values (1,'宫保鸡丁','123456','18888888888',999,'https://img2.baidu.com/it/u=316241013,4101326548&fm=253&fmt=auto&app=138&f=JPEG?w=500&h=500',0,0),(2,'ls','123456','15657897982',0,'https://img1.baidu.com/it/u=2108668669,3099579139&fm=253&fmt=auto&app=138&f=JPEG?w=500&h=500',0,0),(3,'ws','123456','15789489474',0,'https://img2.baidu.com/it/u=3176371145,3762902143&fm=253&fmt=auto&app=138&f=JPEG?w=400&h=400',0,0),(7,'ls2','421421','42141242141',0,'https://img2.baidu.com/it/u=3176371145,3762902143&fm=253&fmt=auto&app=138&f=JPEG?w=400&h=400',0,0),(8,'ls22','421421','42141242141',0,'https://img2.baidu.com/it/u=3176371145,3762902143&fm=253&fmt=auto&app=138&f=JPEG?w=400&h=400',0,0),(9,'ls223','421421','42141242141',0,'https://img2.baidu.com/it/u=3176371145,3762902143&fm=253&fmt=auto&app=138&f=JPEG?w=400&h=400',0,0),(19,'1','1','1',0,'https://img2.baidu.com/it/u=3176371145,3762902143&fm=253&fmt=auto&app=138&f=JPEG?w=400&h=400',0,0),(20,'2','2','2',0,'https://img2.baidu.com/it/u=3176371145,3762902143&fm=253&fmt=auto&app=138&f=JPEG?w=400&h=400',0,0),(21,'12','1','1',0,'https://img2.baidu.com/it/u=3176371145,3762902143&fm=253&fmt=auto&app=138&f=JPEG?w=400&h=400',0,0),(22,'3','3','3',0,'https://img2.baidu.com/it/u=3176371145,3762902143&fm=253&fmt=auto&app=138&f=JPEG?w=400&h=400',0,0),(23,'23','2','2',0,'https://img2.baidu.com/it/u=3176371145,3762902143&fm=253&fmt=auto&app=138&f=JPEG?w=400&h=400',0,0),(24,'1231','1','1',0,'https://img2.baidu.com/it/u=3176371145,3762902143&fm=253&fmt=auto&app=138&f=JPEG?w=400&h=400',0,0),(25,'momo','123456','15678974854',0,'https://img2.baidu.com/it/u=3176371145,3762902143&fm=253&fmt=auto&app=138&f=JPEG?w=400&h=400',0,0),(26,'admin','123456','12348657894',0,'https://img2.baidu.com/it/u=3176371145,3762902143&fm=253&fmt=auto&app=138&f=JPEG?w=400&h=400',0,0),(27,'shit','123456','110',0,'https://img2.baidu.com/it/u=3176371145,3762902143&fm=253&fmt=auto&app=138&f=JPEG?w=400&h=400',0,0),(28,NULL,NULL,NULL,0,'https://img2.baidu.com/it/u=3176371145,3762902143&fm=253&fmt=auto&app=138&f=JPEG?w=400&h=400',0,0);

/*Table structure for table `tab_addr` */

DROP TABLE IF EXISTS `tab_addr`;

CREATE TABLE `tab_addr` (
  `addr_id` int(10) NOT NULL AUTO_INCREMENT COMMENT '地址id',
  `addr_local` varchar(50) DEFAULT NULL COMMENT '地址详情',
  `addr_person` varchar(10) DEFAULT NULL COMMENT '收货人',
  `addr_phone` varchar(11) DEFAULT NULL COMMENT '收货人号码',
  `cust_id` int(10) DEFAULT NULL COMMENT '顾客id',
  PRIMARY KEY (`addr_id`),
  KEY `cuat_id` (`cust_id`)
) ENGINE=MyISAM AUTO_INCREMENT=95 DEFAULT CHARSET=utf8;

/*Data for the table `tab_addr` */

insert  into `tab_addr`(`addr_id`,`addr_local`,`addr_person`,`addr_phone`,`cust_id`) values (1,'黑龙江省. 黑龙江省农垦红兴隆管理局. 北兴农场','郎岩','1547895678',1),(2,'辽宁省. 大连市. 西岗区','孟琬','1524689653',6),(3,'河北省. 石家庄市. 长安区','杭健雯','1555656365',3),(4,'四川省. 宜宾市. 翠屏区','柯琼彦','1556746556',4),(5,'湖南省. 怀化市. 鹤城区','方华','1556546856',5),(6,'河北省. 承德市. 承德县','常善勤','1855855658',6),(7,'贵州省. 遵义市. 绥阳县','戚轮伯','1859598585',7),(8,'福建省. 福州市. 马尾区','伏佳','1865585455',8),(9,'陕西省. 汉中市. 留坝县','狄彪树','1856585658',9),(10,'澳门特别行政区. 澳门特别行政区. 澳门特别行政区','平明奇','1545685859',10),(11,'河北省邢台市治金东生活区36-5-1号','霍明廉','1542256856',3),(12,'吉林省扶余县一副食综合楼2单元302室',' 龙成立','1544896325',12),(13,'南京市钏阜路1-1号南京市第二医院','黄惠芳','1485615415',13),(14,'苏州市十梓街百狮子桥9号5幢303室','李吉人','1654654165',14),(15,'潮州市平北工业区马华隆纺织有限公司整理科','李玉荣','1000000000',1),(16,'梅州市大埔县虎山路240号','谢亦龙','1514566666',3),(17,'珠海市丽珠集团美达信公司','谢小林','1485488888',5),(18,'杭州电子工业学院26',' 孙桂祥','1415168945',4),(19,'绵羊四川西南科技大学32A203','代伟','1854144856',3),(20,'河南省濮阳市中原大化集团计划部','肖红梅','1981989898',3),(21,'安徽省巢湖地区无为县','张志新','1589454816',4),(22,'四川省巴中地区巴中市','张忠荣','1865435458',4),(23,'湖北省恩施土家族苗族自治州利川市','张仲礼 ','1844516486',5),(24,'陕西省西安市周至县','张竹霞 ','1876341654',5),(25,'陕西省渭南市蒲城县','张子贵','1641566546',6),(26,'江苏省盐城市东台市','张宗敏','1564165000',6),(27,'河北省邯郸市磁县','张作芹','1545032155',5),(28,'江西省宜春地区丰城市','章莉','1540231865',6),(29,'	湖北省荆门市钟祥市','赵标','1035481085',4),(30,'陕西省宝鸡市金台区','赵宾','1104454154',21),(31,'	安徽省淮南市田家庵区','赵芳','1503541812',4),(32,'	新疆维吾尔族自治区阿勒泰地区阿勒泰市','赵锋','1586415414',2),(33,'新疆维吾尔族自治区伊犁哈萨克自治州特克斯县','张纯华','1516546468',33),(34,'湖北省黄冈市黄梅县','张泽利','1897485413',34),(35,'	安徽省铜陵市铜官山区','张家超','1854541854',35),(36,'河北省邢台市桥西区','张雷','1685416549',36),(37,'河北省邢台市平乡县','李磊','1865476148',37),(38,'江苏省淮阴市淮阴县','杨少猛 ','1877461687',38),(39,'河北省沧州市沧县','尚福乐','1685761464',39),(40,'	四川省内江市隆昌县','苏士超','1892278020',40),(41,'山东省滨州市滨城区','尚福乐','1025045022',41),(42,'山东省荷泽市牡丹区','尚福乐','1020727825',42),(43,'山东省荷泽市曹县','尚福乐','1868245205',43),(44,'山东省荷泽市成武县','赵晓强','1060274832',44),(45,'山东省荷泽市巨野县','杨思剑','1785852896',45),(46,'北京市市辖区','柏朝林','1896566398',46),(47,'北京市东城区','李家发','1875796376',47),(48,'北京市西城区','李 科','1876572742',48),(49,'北京市崇文区','钱齐高','1584228748',49),(50,'北京市石景山区','李关福','1785852788',50),(51,'北京市昌平县','段小平','1875287367',51),(52,'北京市大兴县','彭恩建','1639878258',52),(53,'北京市平谷县','张 勇','1875875687',53),(54,'天津市宁河县','罗伟忠','1366254332',54),(55,'天津市武清县','杨云峰','1897127486',55),(56,'天津市静海县','张 芳','1567414645',56),(57,'河北省石家庄市市辖区','李建平','1546946659',57),(58,'河北省石家庄市长安区','杨杰辉','1874898464',58),(59,'河北省石家庄市井陉矿区','杨杰辉','1654654985',2),(60,'河北省石家庄市深泽县','王伟','1616169988',60),(92,'河北省秦皇岛市山海关区桥洞下','胡图图','18888888888',2),(94,'山西省阳泉市郊区1','1','1',1);

/*Table structure for table `tab_adm` */

DROP TABLE IF EXISTS `tab_adm`;

CREATE TABLE `tab_adm` (
  `adm_id` int(10) NOT NULL AUTO_INCREMENT COMMENT '管理员id',
  `adm_account` varchar(10) DEFAULT NULL COMMENT '管理员账号',
  `adm_pwd` varchar(10) DEFAULT NULL COMMENT '管理员密码',
  `adm_super` varchar(10) DEFAULT '0' COMMENT '超级管理员普通为0超级为1',
  PRIMARY KEY (`adm_id`)
) ENGINE=InnoDB AUTO_INCREMENT=2 DEFAULT CHARSET=utf8;

/*Data for the table `tab_adm` */

insert  into `tab_adm`(`adm_id`,`adm_account`,`adm_pwd`,`adm_super`) values (1,'admin','abc123','0');

/*Table structure for table `tab_admrole` */

DROP TABLE IF EXISTS `tab_admrole`;

CREATE TABLE `tab_admrole` (
  `role_id` int(11) NOT NULL AUTO_INCREMENT COMMENT '权限id',
  `adm_id` int(11) NOT NULL COMMENT '管理员id',
  `category_id` int(11) NOT NULL COMMENT '商品分类id',
  PRIMARY KEY (`role_id`)
) ENGINE=InnoDB DEFAULT CHARSET=utf8;

/*Data for the table `tab_admrole` */

/*Table structure for table `tab_cart` */

DROP TABLE IF EXISTS `tab_cart`;

CREATE TABLE `tab_cart` (
  `cart_id` int(11) NOT NULL AUTO_INCREMENT COMMENT '购物车id',
  `goods_id` int(11) NOT NULL COMMENT '商品id',
  `cart_count` int(11) NOT NULL COMMENT '商品数量',
  `cust_id` int(11) NOT NULL COMMENT '顾客id',
  `sel_id` int(11) NOT NULL COMMENT '店铺id',
  PRIMARY KEY (`cart_id`),
  KEY `goods_id` (`goods_id`)
) ENGINE=InnoDB AUTO_INCREMENT=428 DEFAULT CHARSET=utf8;

/*Data for the table `tab_cart` */

insert  into `tab_cart`(`cart_id`,`goods_id`,`cart_count`,`cust_id`,`sel_id`) values (427,124,2,1,1);

/*Table structure for table `tab_cashlog` */

DROP TABLE IF EXISTS `tab_cashlog`;

CREATE TABLE `tab_cashlog` (
  `cashlog_id` int(11) NOT NULL AUTO_INCREMENT COMMENT '记录id',
  `cashlog_type` varchar(50) NOT NULL COMMENT '交易类型（充值，购物）',
  `cashlog_money` double NOT NULL COMMENT '交易金额',
  `cust_id` int(11) NOT NULL COMMENT '顾客id',
  PRIMARY KEY (`cashlog_id`)
) ENGINE=InnoDB DEFAULT CHARSET=utf8;

/*Data for the table `tab_cashlog` */

/*Table structure for table `tab_catedetail_apply` */

DROP TABLE IF EXISTS `tab_catedetail_apply`;

CREATE TABLE `tab_catedetail_apply` (
  `apply_id` int(11) NOT NULL AUTO_INCREMENT COMMENT '权限id',
  `apply_content` varchar(10) NOT NULL COMMENT '申请内容',
  `apply_time` datetime NOT NULL COMMENT '申请时间',
  `apply_result` int(11) DEFAULT '0' COMMENT '申请结果待审批0成功1失败2',
  `category_id` int(11) NOT NULL COMMENT '商品分类id',
  `sel_id` int(11) NOT NULL COMMENT '店铺id',
  PRIMARY KEY (`apply_id`)
) ENGINE=InnoDB DEFAULT CHARSET=utf8;

/*Data for the table `tab_catedetail_apply` */

/*Table structure for table `tab_category` */

DROP TABLE IF EXISTS `tab_category`;

CREATE TABLE `tab_category` (
  `category_id` int(10) NOT NULL AUTO_INCREMENT COMMENT '分类id',
  `category_name` varchar(10) DEFAULT NULL COMMENT '分类名称',
  `category_state` int(11) DEFAULT '0' COMMENT '销售状态在销为0,冻结为1',
  PRIMARY KEY (`category_id`)
) ENGINE=InnoDB DEFAULT CHARSET=utf8;

/*Data for the table `tab_category` */

/*Table structure for table `tab_categorydetails` */

DROP TABLE IF EXISTS `tab_categorydetails`;

CREATE TABLE `tab_categorydetails` (
  `cateDetail` int(10) NOT NULL AUTO_INCREMENT COMMENT '分类详情id',
  `cateDetail_name` varchar(10) DEFAULT NULL COMMENT '分类详情名称',
  `category_id` int(10) DEFAULT NULL COMMENT '分类id',
  PRIMARY KEY (`cateDetail`),
  KEY `category_id` (`category_id`),
  CONSTRAINT `tab_categorydetails_ibfk_1` FOREIGN KEY (`category_id`) REFERENCES `tab_category` (`category_id`)
) ENGINE=InnoDB DEFAULT CHARSET=utf8;

/*Data for the table `tab_categorydetails` */

/*Table structure for table `tab_goods` */

DROP TABLE IF EXISTS `tab_goods`;

CREATE TABLE `tab_goods` (
  `goods_id` int(11) NOT NULL AUTO_INCREMENT COMMENT '商品id',
  `goods_name` varchar(50) NOT NULL COMMENT '商品名称',
  `goods_price` double NOT NULL COMMENT '商品价格',
  `goods_img` varchar(500) NOT NULL COMMENT '商品图片',
  `goods_discount` double DEFAULT NULL COMMENT '会员优惠折',
  `sel_id` int(11) NOT NULL COMMENT '店铺id',
  `cateDetail_id` int(11) NOT NULL COMMENT '商品分类详情id',
  PRIMARY KEY (`goods_id`),
  KEY `sel_id` (`sel_id`),
  KEY `cateDetail_id` (`cateDetail_id`)
) ENGINE=InnoDB AUTO_INCREMENT=361 DEFAULT CHARSET=utf8;

/*Data for the table `tab_goods` */

insert  into `tab_goods`(`goods_id`,`goods_name`,`goods_price`,`goods_img`,`goods_discount`,`sel_id`,`cateDetail_id`) values (121,'绿色碎花泡泡袖连衣裙女夏季2022新款别致甜辣妹裙子小心机设计感',60,'https://img.alicdn.com/imgextra/i1/109908662/O1CN01QSEwFZ2DrFSyRLt2S_!!0-saturn_solar.jpg_468x468q75.jpg_.webp,https://gd4.alicdn.com/imgextra/i4/2498512100/O1CN01K07vOk1RNqTvjirRi_!!2498512100.jpg_400x400.jpg,https://gd2.alicdn.com/imgextra/i2/2498512100/O1CN01uZYqKO1RNqTxN327s_!!2498512100.jpg_400x400.jpg',55.98,1,1),(122,'nicky 赫本风海岛度假性感法式吊带连衣裙小香风气质洋气纯欲修身',314,'https://gd2.alicdn.com/imgextra/i2/404217486/O1CN01mwxpJL25AdfjnJXu2_!!404217486.jpg_400x400.jpg,https://gd1.alicdn.com/imgextra/i1/404217486/O1CN01kQuO2j25AdfuhtPld_!!404217486.jpg_400x400.jpg,https://gd3.alicdn.com/imgextra/i3/404217486/O1CN01gjJHb625AdfqI6GzI_!!404217486.jpg_400x400.jpg',110,1,1),(123,'粉色花边连衣裙女夏季2022新款纯欲复古设计感收腰显瘦绑带吊带裙',451,'https://gd4.alicdn.com/imgextra/i3/2333173243/O1CN01lnWYLy1ZpLBTHMNOf_!!2333173243.jpg_400x400.jpg,https://gd2.alicdn.com/imgextra/i2/2333173243/O1CN01eMDgpz1ZpLBWJ6DTS_!!2333173243.jpg_400x400.jpg,https://gd2.alicdn.com/imgextra/i2/2333173243/O1CN01L1i86F1ZpLBeYJb3X_!!2333173243.jpg_400x400.jpg ',218,1,1),(124,'VNOOK 衬衫连衣裙春夏2021新款收腰中长设计感小众垂感气质裙子女',169,'https://img.alicdn.com/imgextra/i3/46655564/O1CN017BT4up1qyMNEfRWCX_!!0-saturn_solar.jpg_468x468q75.jpg_.webp,https://img.alicdn.com/imgextra/i1/1829387956/O1CN01f9YQb028dtlK1doOR_!!1829387956.jpg_400x400.jpg,https://img.alicdn.com/imgextra/i1/1829387956/O1CN01v3LcdL28dtlDLAkNZ_!!1829387956.jpg_400x400.jpg',120,1,1),(125,'乌77高ji感杏色吊带碎花裙女韩系气质修身显瘦长款连衣裙夏季2022',100,'https://img.alicdn.com/imgextra/i1/26237843/O1CN01Hpss7z27o95iQj0NA_!!0-saturn_solar.jpg_468x468q75.jpg_.webp,https://gd4.alicdn.com/imgextra/i4/373851941/O1CN01ZEDDh21QD1Vr48bqR_!!373851941.jpg_400x400.jpg,https://gd1.alicdn.com/imgextra/i1/373851941/O1CN01AaOEeq1QD1VeOCkn6_!!373851941.jpg_400x400.jpg',89.9,1,1),(126,'复古牛仔半身裙女港风辣妹裙裤高腰显瘦包臀短裙夏季2022新款裙子',98,'https://gd3.alicdn.com/imgextra/i1/2200717121882/O1CN01euSRAl1Pm08MwVRb7_!!2200717121882.jpg_400x400.jpg,https://gd1.alicdn.com/imgextra/i1/2200717121882/O1CN01bt5wOP1Pm08Gpd61Y_!!2200717121882.jpg_400x400.jpg,https://gd3.alicdn.com/imgextra/i3/2200717121882/O1CN01mLSaQy1Pm08DpRvtV_!!2200717121882.jpg_400x400.jpg',58,1,1),(127,'深深 法式复古大露背气质吊带连衣裙女春秋高腰黑色显瘦针织裙子',120,'https://img.alicdn.com/imgextra/i3/116193415/O1CN01hKQtf21b67Fdgzilo_!!0-saturn_solar.jpg_468x468q75.jpg_.webp,https://gd2.alicdn.com/imgextra/i2/2878766712/O1CN01AdfidJ1zS94eMGxZX_!!2878766712.jpg_400x400.jpg,https://gd3.alicdn.com/imgextra/i3/2878766712/O1CN01KAa0JV1zS94hWwnLe_!!2878766712.jpg_400x400.jpg',89,1,1),(128,'西装连衣裙女设计感小众紫色高级感气质短裙夏季修身包臀开叉裙子',98,'https://img.alicdn.com/imgextra/i3/344710081/O1CN01Abylrw1CT8p5zEKSm_!!0-saturn_solar.jpg_468x468q75.jpg_.webp,https://gd1.alicdn.com/imgextra/i1/824383978/O1CN01he1kbO1fFyIFkVvR7_!!824383978.jpg_400x400.jpg,https://gd4.alicdn.com/imgextra/i4/824383978/O1CN01Y1LGoy1fFyID6VCsR_!!0-item_pic.jpg_400x400.jpg',69.98,1,1),(129,'赫本风连衣裙夏装2022年新款女暗黑系女装显瘦收腰小个子小黑裙潮',150,'https://img.alicdn.com/imgextra/i3/852180136/O1CN01XVNoIc1CsKZcrBHmt_!!0-saturn_solar.jpg_468x468q75.jpg_.webp,https://img.alicdn.com/imgextra/https://img.alicdn.com/imgextra/i1/2207279897641/O1CN010qKPPV26Jd3v3B3fG_!!2207279897641.jpg_430x430q90.jpg,https://img.alicdn.com/imgextra/https://img.alicdn.com/imgextra/i4/2207279897641/O1CN01KehnWd26Jd3hD7rCp_!!2207279897641.jpg_430x430q90.jpg',112.5,1,1),(130,'高级感气质法式复古小众设计小香风白色收腰别致仙女连衣裙女夏季',225,'https://img.alicdn.com/imgextra/i3/129478926/O1CN01wEGSCy2FoA1z04QrH_!!0-saturn_solar.jpg_468x468q75.jpg_.webp,https://gd3.alicdn.com/imgextra/i3/1695360175/O1CN01B8O0tD1DAC3tcLQG8_!!1695360175.jpg_400x400.jpg,https://gd3.alicdn.com/imgextra/i3/1695360175/O1CN01ktGwQn1DAC424Cnfy_!!1695360175.jpg_400x400.jpg',205,1,1),(131,'高级感长裙法式温柔赫本风别致收腰仙女泡泡袖公主连衣裙子女夏季',215,'https://img.alicdn.com/imgextra/i3/2227090031/O1CN01h85q6t1C6F1nTml6m_!!0-saturn_solar.jpg_468x468q75.jpg_.webp,//img.alicdn.com/imgextra/i2/2212886734026/O1CN01zD0HVM1fbxJLxNlD5_!!2212886734026.jpg_430x430q90.jpg,//img.alicdn.com/bao/uploaded/i4/O1CN01vOyBsw1UeHYHJ29sd_!!0-rate.jpg_400x400.jpg',204,1,1),(133,'赫本法式褶皱修身包臀直筒连衣裙2021新款女夏职业通勤中长款裙子',158,'https://img.alicdn.com/imgextra/i1/862250735/O1CN01AiubaB1HIfiuNyTrv_!!862250735.jpg_400x400.jpg,https://img.alicdn.com/imgextra/i1/55378654/O1CN01zmoFdY2Dna9YtiDj9_!!0-saturn_solar.jpg_270x270.jpg,https://img.alicdn.com/imgextra/i2/862250735/O1CN01b6k1KL1HIfixNTxrP_!!862250735.jpg_400x400.jpg',138,1,1),(134,'欧美街头潮牌高街宽松直筒大口袋工装裤男女高腰显瘦hiphop裤子潮',139,'https://img.alicdn.com/imgextra/i4/4115473493/O1CN017qLc2k1bfqCIc6yz9_!!4115473493.jpg_400x400.jpg,https://img.alicdn.com/imgextra/i3/4115473493/O1CN010lAbaZ1bfqCIc83Wm_!!4115473493.jpg_400x400.jpg,https://img.alicdn.com/imgextra/i1/4115473493/O1CN01iacugm1bfqCOzY5Da_!!4115473493.jpg_400x400.jpg',33.9,2,2),(135,'痞帅迷彩工装裤男潮牌战术机能休闲裤韩版潮流字母刺绣小脚哈伦裤',268,'https://img.alicdn.com/imgextra/i3/125735969/O1CN01MmUrxR1txqglIefki_!!0-saturn_solar.jpg_468x468q75.jpg_.webp,https://gd2.alicdn.com/imgextra/i2/3036298341/O1CN01Wbij2W2BUE93hHOL9_!!3036298341.jpg_400x400.jpg,https://img.alicdn.com/imgextra/i4/3036298341/O1CN01oDsNXB2BUE95soYAW_!!3036298341.jpg_400x400.jpg',158,2,2),(136,'春季青少年长裤2022年新款休闲潮牌潮流裤子运动百搭男士束脚裤男',159.8,'https://img.alicdn.com/imgextra/i2/3297030999/O1CN01chE6c41JFaMfA4lLR_!!3297030999.jpg_430x430q90.jpg,https://img.alicdn.com/imgextra/i2/3297030999/O1CN015MNR4G1JFaMdTk0tn_!!3297030999.jpg_430x430q90.jpg,https://img.alicdn.com/imgextra/i3/3297030999/O1CN01u5Y0c11JFaMargClf_!!3297030999.jpg_430x430q90.jpg',109.8,2,2),(137,'美式街头字母印花hiphop街舞运动裤女高腰抽绳束脚裤宽松爵士卫裤',86.9,'https://gd1.alicdn.com/imgextra/i2/2208120909584/O1CN01apJQ4w2KfWdWo79pH_!!2208120909584.jpg_400x400.jpg,https://gd3.alicdn.com/imgextra/i3/2208120909584/O1CN01p1xyQu2KfWdXd3VNE_!!2208120909584.jpg_400x400.jpg,https://gd3.alicdn.com/imgextra/i3/2208120909584/O1CN01CBaEQz2KfWdbFUavU_!!0-item_pic.jpg_400x400.jpg',86.9,2,2),(138,'运动裤女夏季2021新款高腰显瘦宽松休闲直筒束脚卫裤子薄款阔腿裤',189,'https://img.alicdn.com/imgextra/i4/594356236/O1CN01bNMjM41vw8Y6kR0p8_!!594356236.jpg_400x400.jpg,https://img.alicdn.com/imgextra/i3/594356236/O1CN01744C6Y1vw8YE142AS_!!594356236.jpg_400x400.jpg,https://img.alicdn.com/imgextra/i3/594356236/O1CN01htt9Sf1vw8YAnYdpO_!!594356236.jpg_400x400.jpg',99,2,2),(139,'akinzhi黄泥染男女弹力牛仔裤水洗做旧休闲裤子直筒长裤高街ins潮',52,'https://gd3.alicdn.com/imgextra/i2/2140933650/O1CN01o4u2LL1cpkMdTJxel_!!2140933650.jpg_400x400.jpg,https://gd2.alicdn.com/imgextra/i2/2140933650/O1CN01UvYpcX1cpkMjpeW2s_!!2140933650.jpg_400x400.jpg',49.89,2,2),(140,'裤子女夏季韩版ins复古日系漫画宽松直筒阔腿裤休闲裤束脚运动裤',36.98,'https://gd1.alicdn.com/imgextra/i1/2213802457365/O1CN01O6PJPf24HDmJaAzgY_!!0-item_pic.jpg_400x400.jpg,https://gd3.alicdn.com/imgextra/i3/2213802457365/O1CN01P6NbGq24HDlwkqMrf_!!2213802457365.jpg_400x400.jpg,https://gd1.alicdn.com/imgextra/i1/2213802457365/O1CN01O6PJPf24HDmJaAzgY_!!0-item_pic.jpg_400x400.jpg',36.98,2,2),(141,'Radiohead工装裤新款ins潮牌宽松显瘦直筒长裤男hiphop炸街裤子',359,'https://img.alicdn.com/imgextra/i1/188124207/O1CN01AH9O9b1gwqv7ep8nb_!!188124207.jpg_430x430q90.jpg,https://img.alicdn.com/imgextra/i3/188124207/O1CN01K2WUw81gwquvELmp2_!!188124207.jpg_430x430q90.jpg,https://img.alicdn.com/imgextra/i3/188124207/O1CN01o5qkGI1gwqv3pagiH_!!188124207.jpg_430x430q90.jpg',139.9,2,2),(142,'花花公子冰丝裤子男夏季薄款速干潮流宽松束脚夏天休闲九分裤男款',288,'https://img.alicdn.com/imgextra/i4/2213469021/O1CN01uJc7T92GVfdMqHFDn_!!0-item_pic.jpg_430x430q90.jpg,https://img.alicdn.com/imgextra/i3/2213469021/O1CN01g60N592GVfXN6x53B_!!2213469021.jpg_430x430q90.jpg,https://img.alicdn.com/imgextra/i2/2213469021/O1CN01WvmF0u2GVfXS1CSgD_!!2213469021.jpg_430x430q90.jpg',288,2,2),(143,'FRLMK/弗然克/国潮牌情侣嘻哈男女ins泼墨贴布爱心牛仔裤宽松长裤',219,'https://img.alicdn.com/imgextra/https://img.alicdn.com/imgextra/i1/2206860893209/O1CN01Ik3aGA1ZZlhhi1Puz_!!2206860893209.jpg_430x430q90.jpg,https://img.alicdn.com/imgextra/https://img.alicdn.com/imgextra/i2/2206860893209/O1CN01se1K691ZZlhjUQiLH_!!2206860893209.jpg_430x430q90.jpg,https://img.alicdn.com/imgextra/https://img.alicdn.com/imgextra/i2/2206860893209/O1CN01sNbxvq1ZZlhf7iZCS_!!2206860893209.jpg_430x430q90.jpg',197.1,2,2),(144,'男士外套春秋新款男装一套工装套装韩版潮牌休闲夹克秋装帅气衣服',699,'https://img.alicdn.com/imgextra/i3/3097279769/O1CN01h22UVd2M2FjTWEfOD_!!3097279769.jpg_400x400.jpg,https://img.alicdn.com/imgextra/i1/3097279769/O1CN01wZaoXE2M2FjQGJDkt_!!3097279769.jpg_400x400.jpg,https://img.alicdn.com/imgextra/i2/3097279769/O1CN011rDzp62M2FjQjEeff_!!3097279769.jpg_400x400.jpg',699,3,3),(145,'棒球服女2022年春季新款宽松设计感爆款美式潮牌炸街外套夹克春装',339,'https://img.alicdn.com/imgextra/i2/2086885856/O1CN01M804Sg1t865nroh6O_!!2086885856.jpg_430x430q90.jpg,https://img.alicdn.com/imgextra/i1/2086885856/O1CN011Ngngk1t865xV3Ixy_!!2086885856.jpg_430x430q90.jpg,https://img.alicdn.com/imgextra/i1/2086885856/O1CN01Z9pjek1t865zMsoI4_!!2086885856.jpg_430x430q90.jpg',259,3,3),(146,'LOLOL 小熊棒球服女2022年新款秋拼色学生小个子小众甜酷夹克外套',329,'https://img.alicdn.com/bao/uploaded/i1/3777914125/O1CN010L2y9z1gLIWdAblXy_!!3777914125.jpg_400x400.jpg,https://img.alicdn.com/imgextra/i2/3777914125/O1CN01tdrD621gLITD5vV0S_!!3777914125.jpg_400x400.jpg,https://img.alicdn.com/imgextra/i3/3777914125/O1CN01GMtJHQ1gLITEWQ8XI_!!3777914125.jpg_400x400.jpg',329,3,3),(153,'男士休闲运动外套男潮牌春秋季男装2022年新款春装上衣飞行员夹克',152,'https://img.alicdn.com/imgextra/i1/1757689593/O1CN01muePTW2Kje9p00peu_!!1757689593.jpg_430x430q90.jpg,https://img.alicdn.com/imgextra/i4/1757689593/O1CN014wplbk2Kje9v2KcC9_!!1757689593.jpg_430x430q90.jpg,https://img.alicdn.com/imgextra/i1/1757689593/O1CN01u0hxE92Kje9g9hyse_!!1757689593.jpg_430x430q90.jpg',127,3,3),(156,'无谓白色t恤v领上衣2022春夏新款女装宽松纯棉胖mm大码文艺tshirt',99,'https://img.alicdn.com/imgextra/i4/38656902/O1CN01cQmsZ920rAJfjbzdc_!!38656902.jpg_400x400.jpg,https://img.alicdn.com/imgextra/i3/38656902/O1CN01MF7qV120rAJgGSaJ1_!!38656902.jpg_400x400.jpg,https://img.alicdn.com/imgextra/i2/38656902/O1CN01dJmWoN20rAJdBwToE_!!38656902.jpg_400x400.jpg',79,4,4),(158,'A神不在纽约 美式复古麦穗印花男女宽松花灰色圆领短袖T恤FOURSIS',158,'https://img.alicdn.com/imgextra/i3/22197564/O1CN014Z6LOa25kMaVL7ZJq_!!22197564.jpg_400x400.jpg,https://img.alicdn.com/imgextra/i2/22197564/O1CN016yAbQr25kMaQSyFsf_!!22197564.jpg_400x400.jpg,https://img.alicdn.com/bao/uploaded/i1/22197564/O1CN014jITNu25kMan2jkVO_!!22197564.jpg_400x400.jpg',158,4,4),(159,'2022年新款原创T恤女短袖夏季宽松ifashion设计感上衣服半袖ins潮',67,'https://gd1.alicdn.com/imgextra/i1/676904904/O1CN01oj7z0A1m653adtVRP_!!2-item_pic.png_400x400.jpg,https://gd3.alicdn.com/imgextra/i3/676904904/O1CN01TGnddA1m652ZfaIEr_!!676904904.jpg_400x400.jpg,https://gd3.alicdn.com/imgextra/i3/676904904/O1CN01SncpUI1m652pZJzgF_!!676904904.jpg_400x400.jpg',65,4,4),(160,'MacyMccoy 官方授权 手工玫瑰限定短袖T恤女宽松ins潮设计感上衣',359,'https://gd2.alicdn.com/imgextra/i2/806774180/O1CN01fBNr8S1gkUJ5TUrKO_!!0-item_pic.jpg_400x400.jpg,https://gd2.alicdn.com/imgextra/i2/806774180/O1CN01Y6eUOL1gkUIPPG8xC_!!806774180.jpg_400x400.jpg,https://gd2.alicdn.com/imgextra/i4/806774180/O1CN01Nqsvsk1gkUHwZWA6l_!!806774180.jpg_400x400.jpg',359,4,4),(161,'FOG FEAR OF GOD复线ESSENTIALS胸前字母短袖男女高街潮流宽松T恤',199,'https://img.alicdn.com/imgextra/i4/3887539432/O1CN01AFPJFY2JXuQzUjczk_!!3887539432.jpg_400x400.jpg,https://img.alicdn.com/imgextra/i4/3887539432/O1CN01OLv0Uq2JXuQraB2ON_!!3887539432.jpg_400x400.jpg,https://gd3.alicdn.com/imgextra/i3/3887539432/O1CN01KWf8P72JXuMq1Qp2b_!!3887539432.jpg_400x400.jpg',118,4,4),(162,'川川也家 2021夏季新款日系街头字母印花T恤短袖男女宽松打底上衣',188,'https://img.alicdn.com/imgextra/i2/3159571955/O1CN01jnx5Pr1QJQyl3ItbB_!!3159571955.jpg_400x400.jpg,https://img.alicdn.com/imgextra/i4/3159571955/O1CN010bEtBC1QJQyngcJqb_!!3159571955.jpg_400x400.jpg,https://img.alicdn.com/bao/uploaded/i4/3159571955/O1CN01rsuZ191QJR3eko67c_!!3159571955.jpg_400x400.jpg',78,4,4),(164,'nicky 蓝色别致改良式旗袍连衣裙女夏2022年新款修身新中式复古',278,'https://gd1.alicdn.com/imgextra/i1/404217486/O1CN01c4EczS25Adh3nm3nB_!!404217486.jpg_400x400.jpg,https://gd4.alicdn.com/imgextra/i4/404217486/O1CN0145Rz4Q25AdhN8QpCw_!!404217486.jpg_400x400.jpg,https://gd1.alicdn.com/imgextra/i1/404217486/O1CN01mEAwIC25AdhJCWGuX_!!404217486.jpg_400x400.jpg',278,5,5),(165,'Syeee 复古改良版旗袍女优雅气质中国风长款高开叉修身连衣裙春季',258,'https://gd2.alicdn.com/imgextra/i2/380073143/O1CN01hsv68Z1Z5XWldHhMn_!!380073143.jpg_400x400.jpg,https://gd1.alicdn.com/imgextra/i1/380073143/O1CN01sXHZjK1Z5XWotsTlX_!!380073143.jpg_400x400.jpg,https://gd3.alicdn.com/imgextra/i1/380073143/O1CN01tTp5X01Z5XWhOjOlH_!!380073143.jpg_400x400.jpg',258,5,5),(166,'白色蕾丝旗袍2022年新款夏季年轻款少女改良连衣裙小个子清新短款',178,'https://img.alicdn.com/imgextra/https://img.alicdn.com/imgextra/i1/2205855122633/O1CN01pGlibn1VJxWSmWkOd_!!2205855122633.jpg_430x430q90.jpg,https://img.alicdn.com/imgextra/https://img.alicdn.com/imgextra/i2/2205855122633/O1CN01xtehfd1VJxWNlnq9E_!!2205855122633.jpg_430x430q90.jpg,https://img.alicdn.com/imgextra/https://img.alicdn.com/imgextra/i3/2205855122633/O1CN015x9nk11VJxWRjnaLh_!!2205855122633.jpg_430x430q90.jpg',128,5,5),(167,'nicky纯欲风 赫本风法式初恋甜美旗袍改良版连衣裙女夏高级感温柔',268,'https://img.alicdn.com/imgextra/i4/404217486/O1CN01xnM4OV25AddEs0H4t_!!404217486.jpg_400x400.jpg,https://img.alicdn.com/imgextra/i2/404217486/O1CN01YqSYss25AddB4qD9r_!!404217486.jpg_400x400.jpg,https://img.alicdn.com/imgextra/i4/404217486/O1CN013DQJkO25Add9p9a7v_!!404217486.jpg_400x400.jpg',268,5,5),(168,'大码复古性感开叉改良旗袍长款网纱拼接连衣裙修身显瘦气质包臀裙',276,'https://gd2.alicdn.com/imgextra/i2/95772558/O1CN01c3lCAv1UlbmC50Pc9_!!0-item_pic.jpg_400x400.jpg,https://gd1.alicdn.com/imgextra/i1/95772558/O1CN01vL7MCw1UlbmKSNYy4_!!95772558.jpg_400x400.jpg,https://gd2.alicdn.com/imgextra/i2/95772558/O1CN01DOE3uC1UlbmLSgMBM_!!95772558.jpg_400x400.jpg',138,5,5),(169,'复古性感少女花色改良旗袍连衣裙气质收腰修身显瘦高开叉露腿长裙',69.18,'https://gd4.alicdn.com/imgextra/i1/691216944/O1CN01UfNFEQ21AP1Bb95CY_!!691216944.jpg_400x400.jpg,https://gd4.alicdn.com/imgextra/i4/691216944/O1CN01DNH2KK21AP1CyvsTp_!!0-item_pic.jpg_400x400.jpg,https://gd1.alicdn.com/imgextra/i1/691216944/O1CN01YDb8xr21AP1H4gpsg_!!691216944.jpg_400x400.jpg',67.8,5,5),(170,'改良版旗袍2022新款夏款年轻款气质高端少女设计感小众国风连衣裙',248,'https://img.alicdn.com/imgextra/i1/320997840/O1CN01YDLNyt27mlpfl5dUw_!!320997840.jpg_400x400.jpg,https://img.alicdn.com/imgextra/i1/320997840/O1CN01hSV1Yj27mlpsN8LFk_!!320997840.jpg_400x400.jpg,https://img.alicdn.com/imgextra/i1/320997840/O1CN01T2co8a27mlpr3EpAP_!!320997840.jpg_400x400.jpg',248,5,5),(171,'蚀骨旗袍2022年新款春年轻女国风复古改良长款连衣裙高考送考旗袍',500,'https://img.alicdn.com/imgextra/i2/2809217015/O1CN01WNv62321gv8abqVUD_!!2809217015.jpg_400x400.jpg,https://img.alicdn.com/imgextra/i4/2809217015/O1CN01aXnurM21gv8qpZhRy_!!2809217015.jpg_400x400.jpg,https://img.alicdn.com/imgextra/i2/2809217015/O1CN01dj7jdA21gv8q6nxfU_!!2809217015.jpg_400x400.jpg',185,5,5),(172,'国潮旗袍年轻款2022春季新款性感蕾丝泡泡袖晚礼服气质包臀连衣裙',53,'https://gd3.alicdn.com/imgextra/i3/1026319439/O1CN016XDoso2Jb7Cqc5m33_!!0-item_pic.jpg_400x400.jpg,https://gd4.alicdn.com/imgextra/i4/1026319439/O1CN01S9MLVY2Jb77g8mJzK_!!1026319439.jpg_400x400.jpg,https://gd1.alicdn.com/imgextra/i1/1026319439/O1CN01hjpgFX2Jb77jcMBnW_!!1026319439.jpg_400x400.jpg',53,5,5),(173,'复古改良旗袍黑色连衣裙女春季2022新款小心机露肩收腰开叉包臀裙',63,'https://gd1.alicdn.com/imgextra/i1/790656643/O1CN01ioV1uz1ywXoM5NXHU_!!790656643.jpg_400x400.jpg,https://gd2.alicdn.com/imgextra/i2/790656643/O1CN01oDNOwv1ywXoQqXz2Y_!!790656643.jpg_400x400.jpg,https://gd4.alicdn.com/imgextra/i4/790656643/O1CN01op15Ix1ywXoUGuOD6_!!790656643.jpg_400x400.jpg',60.89,5,5),(174,'改良旗袍泡泡袖碎花连衣裙女装春季2022新款高级感漂亮开叉长裙子',89,'https://gd2.alicdn.com/imgextra/i2/2533553115/O1CN01eF42nb1YsiTquaUmB_!!2533553115.jpg_400x400.jpg,https://gd4.alicdn.com/imgextra/i4/2533553115/O1CN01fMD79E1YsiTl3HkQZ_!!2533553115.jpg_400x400.jpg,https://gd3.alicdn.com/imgextra/i3/2533553115/O1CN012qQpeZ1YsiUbxBtSK_!!0-item_pic.jpg_400x400.jpg',85.89,5,5),(175,'新款小心机设计胸前镂空露肩黑色珍珠重工少女改良旗袍夏季连衣裙',699,'https://gd1.alicdn.com/imgextra/i1/2366590680/O1CN01OZdi6M1GtU0KPbvKt_!!2366590680.jpg_400x400.jpg,https://gd4.alicdn.com/imgextra/i4/2366590680/O1CN01sQyawz1GtU0MtKs6y_!!2366590680.jpg_400x400.jpg,https://gd4.alicdn.com/imgextra/i4/2366590680/O1CN01V3zO3u1GtU0Q3SfOO_!!2366590680.jpg_400x400.jpg',358,5,5),(176,'巨显气质 不同寻常的一款2022春款新款改良长款旗袍连衣裙',298,'https://img.alicdn.com/imgextra/https://img.alicdn.com/bao/uploaded/i1/2271828497/O1CN01uMrisX2Cdg4jF7Tvo_!!2271828497.jpg_430x430q90.jpg,https://img.alicdn.com/imgextra/https://img.alicdn.com/imgextra/i1/2271828497/O1CN01HyxgQG2Cdg4o8teMj_!!2271828497.jpg_430x430q90.jpg,https://img.alicdn.com/imgextra/https://img.alicdn.com/imgextra/i1/2271828497/O1CN01CReAgB2Cdg4k8M0UX_!!2271828497.jpg_430x430q90.jpg',198,5,5),(177,'格格家 网红主播裙子夜场复古旗袍露背少女短款性感礼服连衣裙女',31,'https://img.alicdn.com/imgextra/i3/799319632/O1CN0184UubG2L1VYICIIgH_!!799319632.jpg_400x400.jpg,https://img.alicdn.com/imgextra/i1/799319632/O1CN017vloCQ2L1VYAVAA71_!!799319632.jpg_400x400.jpg,https://img.alicdn.com/imgextra/i3/799319632/O1CN01hb3obt2L1VYFLwqRH_!!799319632.jpg_400x400.jpg',24,5,5),(178,'复古年轻款民国改良旗袍设计感小众高级感气质高端少女包臀连衣裙',50,'https://gd2.alicdn.com/imgextra/i2/1651994802/O1CN01YgJUDz1lLMeYsoeI7_!!1651994802.jpg_400x400.jpg,https://gd3.alicdn.com/imgextra/i3/1651994802/O1CN01NaiDCi1lLMePzzgk6_!!1651994802.jpg_400x400.jpg,https://gd3.alicdn.com/imgextra/i3/1651994802/O1CN01dmibyj1lLMeRcxEks_!!1651994802.jpg_400x400.jpg',43.9,5,5),(179,'夜店性感连衣裙修身显瘦气质复古旗袍网纱拼接透视酒吧夜场包臀裙',188,'https://img.alicdn.com/imgextra/i3/2261301180/O1CN014MZh1m1KaU5KmFgBl_!!0-item_pic.jpg_430x430q90.jpg,https://img.alicdn.com/imgextra/i3/2261301180/O1CN01UlArWk1KaU1AZNvSC_!!2261301180.jpg_430x430q90.jpg,https://img.alicdn.com/imgextra/i2/2261301180/O1CN014uYJAO1KaU1841wEN_!!2261301180.jpg_430x430q90.jpg',83,5,5),(180,'国潮旗袍年轻款2022春季新款高端金丝绒挂脖晚礼服气质包臀连衣裙',43.8,'https://gd3.alicdn.com/imgextra/i3/1026319439/O1CN01ELnSqn2Jb7CiUuSVt_!!0-item_pic.jpg_400x400.jpg,https://gd3.alicdn.com/imgextra/i3/1026319439/O1CN01P6fSqb2Jb77m1lP8A_!!1026319439.jpg_400x400.jpg,https://gd1.alicdn.com/imgextra/i1/1026319439/O1CN01ZcV8Zc2Jb77m1mTdk_!!1026319439.jpg_400x400.jpg',43.8,5,5),(181,'liviahome开叉百褶裙性感辣妹高腰显瘦A字超短裙女带安全裤半身裙',89,'https://img.alicdn.com/bao/uploaded/i1/22921444/O1CN017dFnAk1MXOeqbGRzE_!!22921444.jpg_400x400.jpg,https://img.alicdn.com/imgextra/i4/22921444/O1CN01Wcf3Wz1MXOep3Fhyp_!!22921444.jpg_400x400.jpg,https://gd4.alicdn.com/imgextra/i1/22921444/O1CN01XhsjOI1MXOelf9Y2R_!!22921444.jpg_400x400.jpg',89,6,6),(182,'热狗很辣 pu小皮裙半身裙女秋冬设计感高腰开叉短裙子黑色包臀裙',149.99,'https://img.alicdn.com/bao/uploaded/i1/411195733/O1CN011QJnFl1sDlNS4wx7Y_!!411195733.jpg_400x400.jpg,https://img.alicdn.com/imgextra/i4/411195733/O1CN01jy31Wy1sDlNS4ylMv_!!411195733.jpg_400x400.jpg,https://img.alicdn.com/imgextra/i1/411195733/O1CN01OCRhu51sDlNNB5sl9_!!411195733.jpg_400x400.jpg',149.99,6,6),(183,'ins超火大码棋盘格百褶裙半身裙春夏胖mm显瘦甜酷a字裙时尚短裙子',228,'https://gd4.alicdn.com/imgextra/i4/1933028217/O1CN01aGVfZZ2AZRBAfD3t3_!!1933028217.jpg_400x400.jpg,https://gd3.alicdn.com/imgextra/i3/1933028217/O1CN01I83Pya2AZRBEte5rP_!!1933028217.jpg_400x400.jpg,https://gd2.alicdn.com/imgextra/i2/1933028217/O1CN01PEwCXQ2AZRBGfzykB_!!1933028217.jpg_400x400.jpg',69,6,6),(184,'高腰性感亮闪闪烫钻性感包臀半身裙2022新款修身百搭a字短裙',149,'https://gd1.alicdn.com/imgextra/i1/1868676521/O1CN01F47uvt1y2fTYqWw2J_!!1868676521.jpg_400x400.jpg,https://gd2.alicdn.com/imgextra/i2/1868676521/O1CN01IqTxpG1y2fTfrhNJx_!!1868676521.jpg_400x400.jpg,https://gd3.alicdn.com/imgextra/i3/1868676521/O1CN01Sry8I01y2fToC2m6G_!!1868676521.jpg_400x400.jpg',149,6,6),(185,'炸街甜酷牛仔分体背带短裙套装背心半身裙可盐可甜两件套女夏季潮',196.67,'https://gd4.alicdn.com/imgextra/i2/1756441138/O1CN01IRV96c1KHFTJYVjwS_!!1756441138.jpg_400x400.jpg,https://gd2.alicdn.com/imgextra/i2/1756441138/O1CN01QzFUaT1KHFTPOt5Xe_!!1756441138.jpg_400x400.jpg,https://gd4.alicdn.com/imgextra/i4/1756441138/O1CN013Hip6f1KHFTHKbhRw_!!1756441138.jpg_400x400.jpg',118,6,6),(186,'热狗很辣灰色短裙女一步裙显瘦性感西装裙辣妹高腰半身裙ol包臀裙',95.99,'https://gd1.alicdn.com/imgextra/i1/411195733/O1CN01A2lkg21sDlOdecGUg_!!0-item_pic.jpg_400x400.jpg,https://gd2.alicdn.com/imgextra/i2/411195733/O1CN01hzFlv61sDlNlzzZcC_!!411195733.jpg_400x400.jpg,https://gd3.alicdn.com/imgextra/i3/411195733/O1CN01AvDj4b1sDlO3NtsxJ_!!411195733.jpg_400x400.jpg',95.99,6,6),(187,'PINKMOON/自制格纹女孩 俏皮复古高腰显瘦百褶裙 撞色短裙秋冬',119,'https://gd3.alicdn.com/imgextra/i3/1985269557/O1CN013kgwhp2KT9ttGEhMZ_!!1985269557.jpg_400x400.jpg,https://gd4.alicdn.com/imgextra/i4/1985269557/O1CN01F5rLzb2KT9tulvVdp_!!1985269557.jpg_400x400.jpg,https://gd1.alicdn.com/imgextra/i1/1985269557/O1CN01oGDLJh2KT9tt8Ch0Z_!!1985269557.jpg_400x400.jpg',119,6,6),(188,'设计感牛仔半身裙女春季2022新款高腰百搭阔腿热裤显瘦A字裤裙潮',46,'https://gd1.alicdn.com/imgextra/i1/2565039754/O1CN013kQODk2LvNyVFdIMs_!!0-item_pic.jpg_400x400.jpg,https://gd4.alicdn.com/imgextra/i4/2565039754/O1CN016dgT1j2LvNxqbtyFr_!!2565039754.jpg_400x400.jpg,https://gd4.alicdn.com/imgextra/i4/2565039754/O1CN01PvgnKZ2LvNxv8OsiY_!!2565039754.jpg_400x400.jpg',42.98,6,6),(189,'F1os原创设计 高腰显瘦a字百褶裙辣妹复古潮卡其拼接格纹半身裙女',288,'https://img.alicdn.com/imgextra/i2/2212036323982/O1CN01zgVVcP1fHnsZKvtyP_!!2212036323982.jpg_400x400.jpg,https://img.alicdn.com/imgextra/i4/2212036323982/O1CN01oMKQYp1fHnsmQcp6X_!!2212036323982.jpg_400x400.jpg,https://img.alicdn.com/imgextra/i1/2212036323982/O1CN01aQNv6J1fHnsZKuh6E_!!2212036323982.jpg_400x400.jpg',288,6,6),(190,'设计感小众白色半身裙女夏季修身显瘦不规则荷叶边短裙套装裙子',46,'https://gd4.alicdn.com/imgextra/i4/1121556529/O1CN01fT6sQR1y6KfLjKiMk_!!0-item_pic.jpg_400x400.jpg,https://gd4.alicdn.com/imgextra/i4/1121556529/O1CN01W0M8d01y6KfKwJGob_!!1121556529.jpg_400x400.jpg,https://gd2.alicdn.com/imgextra/i2/1121556529/O1CN01eLJobx1y6KfNgxvdj_!!1121556529.jpg_400x400.jpg',38.98,6,6),(191,'2022年新款早春季女装性感辣妹绑带皮裙高腰包臀开叉A字半身裙ins',69.9,'https://img.alicdn.com/imgextra/i1/3540397352/O1CN01PxVgz624BGb6bsY34_!!0-item_pic.jpg_430x430q90.jpg,https://img.alicdn.com/imgextra/i1/3540397352/O1CN018MZLs424BGb44dDRg_!!3540397352.jpg_430x430q90.jpg,https://img.alicdn.com/imgextra/i1/3540397352/O1CN010qTFvZ24BGb0MOt2E_!!3540397352.jpg_430x430q90.jpg',59.9,6,6),(192,'于拾一辣妹港风性感包臀长袖针织连衣裙女撞色翻领收腰显瘦短裙潮',108,'https://gd4.alicdn.com/imgextra/i4/681163973/O1CN01mShCkC1fDgJ48v8UM_!!0-item_pic.jpg_400x400.jpg,https://gd3.alicdn.com/imgextra/i3/681163973/O1CN01WUIGkz1fDgIpcU08y_!!681163973.jpg_400x400.jpg,https://gd2.alicdn.com/imgextra/i2/681163973/O1CN01BJPXV31fDgIpcRzPe_!!681163973.jpg_400x400.jpg',78,6,6),(193,'格格家 夏季名媛气质黑白拼色开叉包臀短裙挂脖修身针织连衣裙女',48,'https://gd3.alicdn.com/imgextra/i3/799319632/O1CN01mWq09N2L1VW20mYkt_!!799319632.jpg_400x400.jpg,https://gd4.alicdn.com/imgextra/i3/799319632/O1CN011nNyy62L1VW4SS9gG_!!799319632.jpg_400x400.jpg,https://gd4.alicdn.com/imgextra/i4/799319632/O1CN01mhkaFk2L1VeYTH9zV_!!0-item_pic.jpg_400x400.jpg',41,6,6),(194,'mapogo 韩版ins夏季高街网红吊带一字领A字连衣裙+高腰短裙半身裙',35,'https://gd2.alicdn.com/imgextra/i2/805072435/O1CN018VLQEg1TrH6VQVWFB_!!0-item_pic.jpg_400x400.jpg,https://gd1.alicdn.com/imgextra/i1/805072435/O1CN01jIAlDv1TrH6RdDCPp_!!805072435.jpg_400x400.jpg,https://gd1.alicdn.com/imgextra/i1/805072435/O1CN01B1krdx1TrH6RdDbNE_!!805072435.jpg_400x400.jpg',28.9,6,6),(195,'nicky纯欲感 衬衫裙修身百搭收腰性感包臀长袖衬衣连衣裙女法式',199,'https://gd4.alicdn.com/imgextra/i4/404217486/O1CN01wzrC0E25AdeMD2lmr_!!404217486.jpg_400x400.jpg,https://gd1.alicdn.com/imgextra/i1/404217486/O1CN01y2Tryk25AdeN0drIf_!!404217486.jpg_400x400.jpg,https://gd4.alicdn.com/imgextra/i4/404217486/O1CN01yvINyZ25AdeIjeJ1l_!!404217486.jpg_400x400.jpg',199,6,6),(196,'小吊带背心女外穿短款纯棉网红美背运动无袖上衣打底内搭高腰2021',99,'https://gd4.alicdn.com/imgextra/i4/3168351759/O1CN01nZy34C1OrfLzHarKB_!!0-item_pic.jpg_400x400.jpg,https://gd1.alicdn.com/imgextra/i1/3168351759/O1CN013X32we1OrfLVVHPWD_!!3168351759.jpg_400x400.jpg,https://gd1.alicdn.com/imgextra/i1/3168351759/O1CN01rVDFjo1OrfLVVHD1Z_!!3168351759.jpg_400x400.jpg',45.9,7,7),(197,'于拾一法式挂脖黑色吊带美背背心女ins外穿辣妹性感内搭短款上衣',68,'https://gd2.alicdn.com/imgextra/i2/681163973/O1CN01ZtCwM61fDgIhfuK9Z_!!681163973.jpg_400x400.jpg,https://gd2.alicdn.com/imgextra/i2/681163973/O1CN01ZtCwM61fDgIhfuK9Z_!!681163973.jpg_400x400.jpg,https://gd4.alicdn.com/imgextra/i4/681163973/O1CN01uSImZf1fDgIohlGMO_!!681163973.jpg_400x400.jpg',38,7,7),(198,'挂脖针织吊带背心女内搭2022年夏季新款时尚洋气时髦辣妹短款上衣',21.68,'https://gd3.alicdn.com/imgextra/i3/1741453808/O1CN01R8WQ081e06yAqGi9K_!!1741453808.jpg_400x400.jpg,https://gd1.alicdn.com/imgextra/i1/1741453808/O1CN01KlGlsM1e06y3JayWd_!!1741453808.jpg_400x400.jpg,https://gd1.alicdn.com/imgextra/i1/1741453808/O1CN01DZNWe11e06y68Brf7_!!1741453808.jpg_400x400.jpg',21.68,7,7),(199,'ski by Tannin 嗲酷girl褶皱后抹胸吊带背心女夏季内搭外穿短上衣',99,'https://img.alicdn.com/bao/uploaded/i2/254184341/O1CN01jntfWY1hwE4Zhsc7s_!!254184341.jpg_400x400.jpg,https://img.alicdn.com/imgextra/i1/254184341/O1CN01iLFNcR1hwE4VsMYBS_!!254184341.jpg_400x400.jpg,https://img.alicdn.com/imgextra/i2/254184341/O1CN01X03QkP1hwE4TillaL_!!254184341.jpg_400x400.jpg',99,7,7),(200,'2021夏装小众设计薄荷绿清爽淡雅丝缎亮面挂脖背心',58,'https://gd2.alicdn.com/imgextra/i1/2652375101/O1CN01b3YTXL1nYJ0gw7ATU_!!2652375101.jpg_400x400.jpg,https://gd2.alicdn.com/imgextra/i2/2652375101/O1CN01HLGWRs1nYJ0bHS0Ie_!!2652375101.jpg_400x400.jpg,https://gd3.alicdn.com/imgextra/i3/2652375101/O1CN01H81C8b1nYJ0eYCw0Z_!!2652375101.jpg_400x400.jpg',58,7,7),(201,'夏季纯棉性感吊带无袖显瘦遮肚子上衣有胸垫短款背心外穿内搭胖mm',69,'https://gd2.alicdn.com/imgextra/i2/1974779333/O1CN0152EDFI2IoZ9stCSIN_!!1974779333.png_400x400.jpg,https://gd4.alicdn.com/imgextra/i4/1974779333/O1CN01GECFeQ2IoZ9s3q41T_!!1974779333.png_400x400.jpg,https://gd1.alicdn.com/imgextra/i1/1974779333/O1CN01ipbRdL2IoZ9mxjpm6_!!1974779333.png_400x400.jpg',39,7,7),(202,'VNOOK 短款吊带背心女夏撞色不规则假两件内搭设计感小众外穿上衣',69,'https://img.alicdn.com/imgextra/i4/1829387956/O1CN01Q8oLe128dtpzCJPxm_!!1829387956.jpg_400x400.jpg,https://img.alicdn.com/imgextra/i2/1829387956/O1CN01u8IusH28dtq9VFuaN_!!1829387956.jpg_400x400.jpg,https://img.alicdn.com/imgextra/i4/1829387956/O1CN01Q8oLe128dtpzCJPxm_!!1829387956.jpg_400x400.jpg',69,7,7),(203,'圆领白色修身无袖针织背心女法式2022夏季新款百搭短款上衣马甲潮',888,'https://gd4.alicdn.com/imgextra/i4/105394437/O1CN01vHAfpu1ieC5q1GW2t_!!105394437.jpg_400x400.jpg,https://gd3.alicdn.com/imgextra/i3/105394437/O1CN01DCPYaQ1ieC5o3oFMk_!!105394437.jpg_400x400.jpg,https://gd4.alicdn.com/imgextra/i4/105394437/O1CN01jzPzt61ieC5Zp1NOH_!!105394437.jpg_400x400.jpg',178,7,7),(204,'蕾丝网红爆款小吊带背心上衣美背内搭女带胸垫打底衫2022新款春夏',89,'https://img.alicdn.com/imgextra/i2/2208262024269/O1CN01HgIv8s1hPFXRzllAD_!!2208262024269.jpg_430x430q90.jpg,https://img.alicdn.com/imgextra/i2/2208262024269/O1CN01hviDc71hPFXN3L6yU_!!2208262024269.jpg_430x430q90.jpg,https://img.alicdn.com/imgextra/i1/2208262024269/O1CN01eIgXvI1hPFXQcrwgA_!!2208262024269.jpg_430x430q90.jpg',19.9,7,7),(205,'For Fay原创 黑白撞色吊带背心女设计感时尚内搭修身甜辣抹胸上衣',179,'https://gd1.alicdn.com/imgextra/i2/842552060/O1CN01l66qb81R5Wdv115hW_!!842552060.jpg_400x400.jpg,https://gd3.alicdn.com/imgextra/i3/842552060/O1CN010ZF8At1R5WdoA2yJs_!!842552060.jpg_400x400.jpg,https://gd4.alicdn.com/imgextra/i4/842552060/O1CN019Tzm1k1R5WdsLRttT_!!842552060.jpg_400x400.jpg',179,7,7),(206,'字母刺绣挂脖吊带背心女2022春夏新款港味网红针织裹胸内搭美背潮',32,'https://gd4.alicdn.com/imgextra/i4/2041579417/O1CN01sgA1Lc2JR2UdP6OsC_!!2041579417.jpg_400x400.jpg,https://gd2.alicdn.com/imgextra/i2/2041579417/O1CN01xar4Zc2JR2UbCDfMO_!!2041579417.jpg_400x400.jpg,https://gd4.alicdn.com/imgextra/i4/2041579417/O1CN01QXyfAL2JR2Udx9a2K_!!2041579417.jpg_400x400.jpg',29,7,7),(207,'DENKO 拼接黑白背心吊带女夏季设计感辣妹抹胸外穿内搭美背上衣',69,'https://gd4.alicdn.com/imgextra/i4/1020565205/O1CN01xGEnDl1oJwCwtcocE_!!1020565205.jpg_400x400.jpg,https://gd2.alicdn.com/imgextra/i2/1020565205/O1CN01w803L01oJwD2FsHtX_!!1020565205.jpg_400x400.jpg,https://gd1.alicdn.com/imgextra/i1/1020565205/O1CN01mxLOAO1oJwD2FtlJ6_!!1020565205.jpg_400x400.jpg',69,7,7),(208,'吊带背心女内搭辣妹纯欲性感挂脖百搭打底女装2022春季新款上衣潮',39,'https://gd4.alicdn.com/imgextra/i3/3917801319/O1CN01Ri1EI61Lc99Qsogpa_!!3917801319.jpg_400x400.jpg,https://gd3.alicdn.com/imgextra/i3/3917801319/O1CN01op5ibh1Lc99Rv1h7a_!!3917801319.jpg_400x400.jpg,https://gd1.alicdn.com/imgextra/i1/3917801319/O1CN01KRr2Dk1Lc99NExmo8_!!3917801319.jpg_400x400.jpg',29.88,7,7),(209,'甜美气质重工钉珠水钻亮片百搭蕾丝背心打底上衣女2022年春季新款',190,'https://img.alicdn.com/bao/uploaded/i2/262659183/O1CN01jQ9Ode2HhroPHfZ2l_!!262659183.jpg_400x400.jpg,https://img.alicdn.com/imgextra/i3/262659183/O1CN01tUEMri2HhroOL7jsJ_!!262659183.jpg_400x400.jpg,https://img.alicdn.com/imgextra/i4/262659183/O1CN01ACvT4F2HhroEqbUla_!!262659183.jpg_400x400.jpg',69,7,7),(210,'撞色条纹背心吊带女夏季新款韩系内搭修身显瘦百搭甜酷外穿上衣潮',40,'https://gd3.alicdn.com/imgextra/i3/192707956/O1CN01zn5XHF28dtqkcaQBN_!!192707956.jpg_400x400.jpg,https://gd3.alicdn.com/imgextra/i3/192707956/O1CN017IDXRe28dtqrQK54n_!!192707956.jpg_400x400.jpg,https://gd1.alicdn.com/imgextra/i1/192707956/O1CN01UAZ49o28dtqnhMuD0_!!192707956.jpg_400x400.jpg',26,7,7),(213,'NOTJUSTPAJAMA法式尖领真丝睡衣女春季桑蚕丝家居服可定制送女友',998,'https://img.alicdn.com/imgextra/i3/2200548522578/O1CN01BjEytm1UulkcVy2vx_!!2200548522578.jpg_430x430q90.jpg,https://img.alicdn.com/imgextra/i3/2200548522578/O1CN01SdunYV1UuljNUWu9J_!!2200548522578.jpg_430x430q90.jpg,https://picasso.alicdn.com/imgextra/O1CNA1kuYv451UuloMCcA5L_!!2200548522578-0-psf.jpg_430x430q90.jpg',799,8,8),(215,'睡裙女睡衣夏季夏天高级感丝绸冰丝仿真丝短袖长款大码宫廷风法式',248,'https://img.alicdn.com/imgextra/i2/1970838305/O1CN01Glyf9Q2BDk4A4CCNy_!!0-item_pic.jpg_430x430q90.jpg,https://img.alicdn.com/imgextra/i1/1970838305/O1CN014ddikR2BDk4EtKbxp_!!1970838305.jpg_430x430q90.jpg,https://img.alicdn.com/imgextra/i1/1970838305/O1CN01X7D2lU2BDk4EtJ4Hs_!!1970838305.jpg_430x430q90.jpg',158,8,8),(216,'AW原创春夏款高级感性感公主风吊带蕾丝冰丝睡衣睡裙晨袍家居服女',199,'https://gd3.alicdn.com/imgextra/i3/1623354228/O1CN01QMdnCO1h6TAIcIdmm_!!1623354228.jpg_400x400.jpg,https://gd1.alicdn.com/imgextra/i1/1623354228/O1CN016zfKj61h6TAJFoe0S_!!1623354228.jpg_400x400.jpg,https://gd2.alicdn.com/imgextra/i2/1623354228/O1CN01GhiQBz1h6TAHo9ygs_!!1623354228.jpg_400x400.jpg',199,8,8),(218,'性感纯欲风碎花睡衣套装女夏天2022年新款V领可爱吊带短裤两件套',46,'https://gd3.alicdn.com/imgextra/i2/1651994802/O1CN01NMNoSk1lLMenPfEOq_!!1651994802.jpg_400x400.jpg,https://gd2.alicdn.com/imgextra/i2/1651994802/O1CN01FfwPqI1lLMevW9Emf_!!1651994802.jpg_400x400.jpg,https://gd3.alicdn.com/imgextra/i3/1651994802/O1CN013MplGb1lLMeowzboE_!!1651994802.jpg_400x400.jpg',38.9,8,8),(219,'金丝绒睡衣女秋冬季2022新款宫廷风睡裙长款超仙家居服套装ins风',63,'https://gd2.alicdn.com/imgextra/i2/2498512100/O1CN01kSra5G1RNqSVl5eHS_!!2498512100.jpg_400x400.jpg,https://gd4.alicdn.com/imgextra/i4/2498512100/O1CN01wSDYg81RNqSZNOcBM_!!2498512100.jpg_400x400.jpg,https://gd1.alicdn.com/imgextra/i2/2498512100/O1CN01qphtUF1RNqSXaGncq_!!2498512100.jpg_400x400.jpg',60.98,8,8),(220,'睡衣套装女春秋款2022年新款高级感绸缎宽松慵懒风可外穿家居服女',75,'https://gd4.alicdn.com/imgextra/i4/1651994802/O1CN01rhKPue1lLMeEOxyEA_!!1651994802.jpg_400x400.jpg,https://gd4.alicdn.com/imgextra/i4/1651994802/O1CN016Sr1yF1lLMeHJWyCH_!!1651994802.jpg_400x400.jpg,https://gd4.alicdn.com/imgextra/i4/1651994802/O1CN017b4cK01lLMeHJWu2M_!!1651994802.jpg_400x400.jpg',70.98,8,8),(223,'长袖修身格子衬衫睡衣高腰宽松阔腿裤家居服套装女夏季休闲两件套',47,'https://gd2.alicdn.com/imgextra/i3/1121556529/O1CN01uyBaHv1y6KbeM5U6n_!!1121556529.jpg_400x400.jpg,https://gd3.alicdn.com/imgextra/i3/1121556529/O1CN012yfzAA1y6KbeM828Y_!!1121556529.jpg_400x400.jpg,https://gd3.alicdn.com/imgextra/i3/1121556529/O1CN01vW5RUN1y6KbWhBz8a_!!0-item_pic.jpg_400x400.jpg',44.98,8,8),(224,'贝妍春秋季女士长袖衬衫款睡衣日系大码开衫家居服卡通纯棉套装秋',268,'https://img.alicdn.com/imgextra/i1/3367484031/O1CN016BcX9C1feFEriAZnE_!!0-item_pic.jpg_430x430q90.jpg,https://img.alicdn.com/imgextra/i2/3367484031/O1CN01NW2esG1feFEmPswvR_!!3367484031.jpg_430x430q90.jpg,https://img.alicdn.com/imgextra/i1/3367484031/O1CN01MIBaOo1feFEu2fCWs_!!3367484031.jpg_430x430q90.jpg',178,8,8),(225,'SOFTRUAN陷入纯情睡衣女冰丝吊带睡衣2022年新款薄款性感家居服夏',119,'https://gd1.alicdn.com/imgextra/i1/2860004784/O1CN01sDmVWO1lD7WHcTCZa_!!2860004784.jpg_400x400.jpg,https://gd3.alicdn.com/imgextra/i3/2860004784/O1CN01tHk8ps1lD7WOmF7EM_!!2860004784.jpg_400x400.jpg,https://gd4.alicdn.com/imgextra/i4/2860004784/O1CN01bhqCeI1lD7WMqfOLo_!!2860004784.jpg_400x400.jpg',119,8,8),(226,'西装男套装三件套修身职业正装新郎结婚礼服韩版男士商务休闲西服',1280,'https://img.alicdn.com/imgextra/https://img.alicdn.com/imgextra/i1/2206695197162/O1CN01AAf9dk22mFDR8kaAL_!!2206695197162.jpg_430x430q90.jpg,https://img.alicdn.com/imgextra/https://img.alicdn.com/imgextra/i1/2206695197162/O1CN01q7OAXw22mFDFfp1Fe_!!2206695197162.jpg_430x430q90.jpg,//img.alicdn.com/imgextra/i4/2206695197162/O1CN01gUdlbQ22mFDoesBoP_!!2206695197162.jpg_430x430q90.jpg',1280,9,9),(227,'高腰短袖阔腿裤西装套装女流行2022夏装新款时尚韩版洋气两件套',598,'https://img.alicdn.com/imgextra/i4/2489112194/O1CN01WDoE7q1S4tiaZ78kv_!!2489112194.jpg_400x400.jpg,https://img.alicdn.com/imgextra/i4/2489112194/O1CN01WDoE7q1S4tiaZ78kv_!!2489112194.jpg_400x400.jpg,https://img.alicdn.com/imgextra/i2/2489112194/O1CN01fPgzsE1S4tibLKZgk_!!2489112194.jpg_400x400.jpg',598,9,9),(228,'条纹西服套装男士英伦风商务帅气青年正装韩版新郎伴郎修身小西装',599,'https://gd2.alicdn.com/imgextra/i1/2224914359/O1CN011i4Su2JfPvITly1_!!2224914359.jpg_400x400.jpg,https://gd3.alicdn.com/imgextra/i3/2224914359/O1CN011i4SuH7J56ei3aq_!!2224914359.jpg_400x400.jpg,https://gd4.alicdn.com/imgextra/i4/2224914359/O1CN017tAypp1i4TBfB3TNy_!!0-item_pic.jpg_400x400.jpg',599,9,9),(229,'西装外套女春秋2021新款韩版气质设计感小众高级感小个子chic西服',189,'https://img.alicdn.com/imgextra/i4/2318885185/O1CN01VaCGca1oAmJqDDLNu_!!2318885185.jpg_400x400.jpg,https://img.alicdn.com/imgextra/i3/2318885185/O1CN017A0lGt1oAmJqDELk8_!!2318885185.jpg_400x400.jpg,https://img.alicdn.com/imgextra/i4/2318885185/O1CN01Ll5Xgo1oAmJzznpz6_!!2318885185.jpg_400x400.jpg',148,9,9),(230,'白色西装外套女春秋新款休闲设计感小众高级感小个子西服气质宽松',228,'https://img.alicdn.com/imgextra/i4/2318885185/O1CN010hp3hl1oAmFqYyiS9_!!2318885185.jpg_400x400.jpg,https://img.alicdn.com/imgextra/i3/2318885185/O1CN01I9B2RB1oAmFs8CmmM_!!2318885185.jpg_400x400.jpg,https://img.alicdn.com/imgextra/i2/2318885185/O1CN01KHpwAx1oAmDRjNaF9_!!2318885185.jpg_400x400.jpg',158,9,9),(231,'宁夏家 都市感气场  职场里的大女主风 三醋酸宽松简约中长款西装',880,'https://gd2.alicdn.com/imgextra/i2/904371405/O1CN01nrvgJk1MFXDec5VFW_!!904371405.jpg_400x400.jpg,https://gd2.alicdn.com/imgextra/i2/904371405/O1CN01iBWZys1MFXDjaeWqA_!!904371405.jpg_400x400.jpg,https://gd3.alicdn.com/imgextra/i3/904371405/O1CN010UJYMm1MFXDjae7sA_!!904371405.jpg_400x400.jpg',880,9,9),(232,'春夏修身西装两件套男结婚礼服英伦风休闲西服套装男士商务正装潮',399,'https://gd4.alicdn.com/imgextra/i1/2224914359/O1CN0196GuYe1i4T6jWs46u_!!2224914359.jpg_400x400.jpg,https://gd3.alicdn.com/imgextra/i3/2224914359/O1CN01gmjoMR1i4T6ZJfi04_!!2224914359.jpg_400x400.jpg,https://gd2.alicdn.com/imgextra/i2/2224914359/O1CN01t5ih9o1i4T6dNm1BE_!!2224914359.jpg_400x400.jpg',339,9,9),(233,'觅格西装马甲西装裤三件套职业套装女高级设计感气质收腰西装外套',2499,'https://img.alicdn.com/imgextra/https://img.alicdn.com/imgextra/i1/2208623602458/O1CN01Ba1Yru1U1o9hXQ0VZ_!!2208623602458.jpg_430x430q90.jpg,https://img.alicdn.com/imgextra/https://img.alicdn.com/imgextra/i4/2208623602458/O1CN01OiL4L51U1o9hCsvpi_!!2208623602458.jpg_430x430q90.jpg,https://img.alicdn.com/imgextra/https://img.alicdn.com/imgextra/i2/2208623602458/O1CN01sprNiO1U1o9hJ12nG_!!2208623602458.jpg_430x430q90.jpg',1499,9,9),(234,'Suitup西服套装男士商务休闲职业正装高端新郎结婚西装英伦风春季',1298,'https://img.alicdn.com/imgextra/i2/473572985/O1CN01ZEJVWY1XvAw0BvUu3_!!473572985.jpg_430x430q90.jpg,https://img.alicdn.com/imgextra/i3/473572985/O1CN01iXS54q1XvAw27jijt_!!473572985.jpg_430x430q90.jpg,https://img.alicdn.com/imgextra/i4/473572985/O1CN01sS8IFd1XvAwBGVB8Q_!!473572985.jpg_430x430q90.jpg',1298,9,9),(235,'SPELLEDIT2022春夏新款双层领西装女外套宽松西服后开衩薄垫肩',2060,'https://img.alicdn.com/imgextra/https://img.alicdn.com/imgextra/i4/2212421696805/O1CN017I4ogN208jxnhTW1F_!!2212421696805.jpg_430x430q90.jpg,https://img.alicdn.com/imgextra/https://img.alicdn.com/imgextra/i2/2212421696805/O1CN015FLlcr208jxjOZoSl_!!2212421696805.jpg_430x430q90.jpg,https://img.alicdn.com/imgextra/https://img.alicdn.com/imgextra/i3/2212421696805/O1CN01AI3upN208jxii5WRg_!!2212421696805.jpg_430x430q90.jpg',2060,9,9),(236,'AICOCO双排扣白色小西装宽松休闲职业西服别致设计感女士上衣外套',1288,'https://gd2.alicdn.com/imgextra/i2/76673555/O1CN019RWAVe1c8Ekdr5LcB_!!76673555.jpg_400x400.jpg,https://gd1.alicdn.com/imgextra/i1/76673555/O1CN014132F21c8EkkyYsAa_!!76673555.jpg_400x400.jpg,https://gd1.alicdn.com/imgextra/i1/76673555/O1CN01LmA5Vr1c8EkeHreaC_!!76673555.jpg_400x400.jpg',1288,9,9),(237,'韩国男士轻熟东大门落肩西服宽松两粒扣绅士网红休闲纯色西装套装',588,'https://gd3.alicdn.com/imgextra/i3/124815250/O1CN01rpzH9z1oeXy3SpJN7_!!124815250.jpg_400x400.jpg,https://gd4.alicdn.com/imgextra/i4/124815250/O1CN0189IeHF1oeXxxV9X1W_!!124815250.jpg_400x400.jpg,https://gd4.alicdn.com/imgextra/i4/124815250/O1CN015BZYSl1oeXy3SqFZQ_!!124815250.jpg_400x400.jpg',588,9,9),(238,'西装男套装藏蓝色条纹英式商务正装新郎结婚礼服春季婚礼男士西服',1899,'https://picasso.alicdn.com/imgextra/O1CNA1HLj49t25Gaqgfgp4R_!!714717499-0-psf.jpg_430x430q90.jpg,https://img.alicdn.com/imgextra/i3/714717499/O1CN012Xoimf25GaiLlq0IU_!!714717499.jpg_430x430q90.jpg,https://img.alicdn.com/imgextra/i3/714717499/O1CN01gdlquT25GaiPwetNd_!!714717499.jpg_430x430q90.jpg',898,9,9),(239,'高端职业小西装套装女2020年秋冬韩版售楼部面试银行藏蓝正装外套',338,'https://img.alicdn.com/imgextra/i1/1744347004/O1CN01R13iug21bsfK0oXCJ_!!1744347004-0-lubanu-s.jpg_430x430q90.jpg,src=\"https://img.alicdn.com/imgextra/i4/1744347004/O1CN01Dm4PMc21bsfMBmz2d_!!1744347004-0-lubanu-s.jpg_430x430q90.jpg\",https://img.alicdn.com/imgextra/i3/1744347004/O1CN01CWV72j21bsfLEjKcf_!!1744347004-0-lubanu-s.jpg_430x430q90.jpg',150,9,9),(240,'mapogo 韩国ins潮流西装领链条廓形帅气西服气质外套春学生潮男女',65,'https://gd2.alicdn.com/imgextra/i1/805072435/O1CN011Fxnke1TrH3C2rCg8_!!805072435.jpg_400x400.jpg,https://gd1.alicdn.com/imgextra/i1/805072435/O1CN01S0l20C1TrH3HyZfnB_!!805072435.jpg_400x400.jpg,https://gd4.alicdn.com/imgextra/i4/805072435/O1CN01FoaVWC1TrH3G77vVM_!!805072435.jpg_400x400.jpg',59.8,9,9),(241,'mapogo 韩国ins暗黑斑马纹拼接羊羔毛立领外套原宿风宽松棉衣男女',105,'https://gd4.alicdn.com/imgextra/i1/805072435/O1CN01FU5bNe1TrH8EOybm2_!!805072435.jpg_400x400.jpg,https://gd4.alicdn.com/imgextra/i4/805072435/O1CN01Dfinzm1TrH85N3KwH_!!805072435.jpg_400x400.jpg,https://gd4.alicdn.com/imgextra/i4/805072435/O1CN01bmioS31TrH8JylOOC_!!805072435.jpg_400x400.jpg',99.9,10,10),(242,'PINKSPINK院长原创牛油果色毛保暖宽松廓形巨厚皮草小众设计外套',699,'https://gd2.alicdn.com/imgextra/i2/143440491/O1CN01DhBorI1FUvBGyd79Z_!!143440491.jpg_400x400.jpg,https://gd3.alicdn.com/imgextra/i3/143440491/O1CN01kx9LoH1FUvBInmT1X_!!143440491.jpg_400x400.jpg,https://gd3.alicdn.com/imgextra/i3/143440491/O1CN01d8SoOY1FUvBMbFrLS_!!143440491.jpg_400x400.jpg',699,10,10),(243,'樱田川岛ins日系宽松撞色羊羔毛外套2022年新款加厚长款棉服女冬',188.8,'https://gd2.alicdn.com/imgextra/i2/864081026/O1CN01SLUMAO1JRx6OMtMPY_!!0-item_pic.jpg_400x400.jpg,https://gd1.alicdn.com/imgextra/i1/864081026/O1CN01duOd1n1JRx4lOvlBk_!!864081026.jpg_400x400.jpg,https://gd4.alicdn.com/imgextra/i4/864081026/O1CN01Ct3ngJ1JRx4x59IBF_!!864081026.jpg_400x400.jpg',108.8,10,10),(244,'freshtaro 拼色菱格棉服女2021年新款韩版oversize百搭薄款外套',315,'https://gd3.alicdn.com/imgextra/i3/2414178298/O1CN01ITqYWl2BAXIt2QcE7_!!0-item_pic.jpg_400x400.jpg,https://gd1.alicdn.com/imgextra/i1/2414178298/O1CN010LEsAq2BAXGxMDN6o_!!2414178298.jpg_400x400.jpg,https://gd4.alicdn.com/imgextra/i4/2414178298/O1CN01Hbzlqy2BAXGFppfQx_!!2414178298.jpg_400x400.jpg',252,10,10),(249,'羽绒棉服少女生冬装2022年新款初中高中学生短款棉袄亮面棉衣外套',229,'https://img.alicdn.com/imgextra/i2/741103872/O1CN01sCvExP1eTQI1lpeAa_!!0-item_pic.jpg_430x430q90.jpg,https://img.alicdn.com/imgextra/i1/741103872/O1CN01aWQL9u1eTQHkKal2K_!!741103872.jpg_430x430q90.jpg,https://img.alicdn.com/imgextra/i3/741103872/O1CN01gEYHSn1eTQHvQvAm0_!!741103872.jpg_430x430q90.jpg',129,10,10),(250,'微笑向暖中国风斗篷棉服大衣女2021年新款冬季加绒加厚连帽棉衣',499,'https://img.alicdn.com/imgextra/https://img.alicdn.com/bao/uploaded/i4/3981696497/O1CN01XoU8oq1xrfzWeZOFm_!!3981696497.jpg_430x430q90.jpg,https://img.alicdn.com/imgextra/https://img.alicdn.com/imgextra/i2/3981696497/O1CN01tLYgGN1xrfxC4SsHm_!!3981696497.jpg_430x430q90.jpg,https://img.alicdn.com/imgextra/https://img.alicdn.com/imgextra/i4/3981696497/O1CN01ReZPFP1xrfxL6EwUn_!!3981696497.jpg_430x430q90.jpg',499,10,10),(251,'冬季炸街外套女新款韩版ins原宿风小众扎染宽松bf加厚棉衣棉服潮',93.98,'https://gd2.alicdn.com/imgextra/i4/2899926356/O1CN01qHWUua1wp6250GnhJ_!!2899926356.jpg_400x400.jpg,https://gd3.alicdn.com/imgextra/i3/2899926356/O1CN01F1jUMW1wp62At5r31_!!2899926356.jpg_400x400.jpg,https://gd1.alicdn.com/imgextra/i1/2899926356/O1CN01ZwvpQJ1wp62HRBhZL_!!2899926356.jpg_400x400.jpg',90,10,10),(253,'晶爷给你整个冬天的温暖 棉衣棉服女秋冬设计感小众2021新款短款',373.75,'https://img.alicdn.com/imgextra/i1/673272066/O1CN0104ubNV1R8GzQK4FFG_!!673272066.jpg_400x400.jpg,https://img.alicdn.com/imgextra/i4/673272066/O1CN0124LDhN1R8GzEMrNNb_!!673272066.jpg_400x400.jpg,https://img.alicdn.com/imgextra/i4/673272066/O1CN01suUe3p1R8GzIkARqe_!!673272066.jpg_400x400.jpg',299,10,10),(254,'MXU时髦狩猎装 秋冬新款洋气工装设计感百搭减龄夹克棉服外套女',1053,'https://img.alicdn.com/imgextra/i1/175250344/O1CN01329Op11EPaxyRXGFA_!!175250344.jpg_400x400.jpg,https://img.alicdn.com/imgextra/i3/175250344/O1CN01iKPSRD1EPaxr0vlVU_!!175250344.jpg_400x400.jpg,https://img.alicdn.com/imgextra/i1/175250344/O1CN01yXkE8R1EPaxuyUmro_!!175250344.jpg_400x400.jpg',1035,10,10),(256,'现货原创正版梦境游乐园OP洛丽塔Lolita日常洋装连衣裙公主裙春秋',188,'https://gd4.alicdn.com/imgextra/i4/2699734170/O1CN01N3rEEM1gfuAISsHsD_!!2699734170.jpg_400x400.jpg,https://gd1.alicdn.com/imgextra/i1/2699734170/O1CN01YxGGYC1gfuAggV3Ra_!!2699734170.jpg_400x400.jpg,https://gd3.alicdn.com/imgextra/i3/2699734170/O1CN01dAfzUX1gfuDG8zjlh_!!2699734170-0-lubanu-s.jpg_400x400.jpg',188,11,11),(257,'【现货】原创 莓熊物语op可爱小熊洛丽塔裙  lolita裙正版 连衣裙',178,'https://img.alicdn.com/imgextra/i2/2166336827/O1CN014b8YIq20IodVGi22V_!!2166336827.jpg_400x400.jpg,https://img.alicdn.com/imgextra/i2/2166336827/O1CN01DzYMKd20IoX65VClp_!!2166336827.jpg_400x400.jpg,https://img.alicdn.com/imgextra/i1/2166336827/O1CN01DpukBy20IoWaVTeTK_!!2166336827.jpg_400x400.jpg',178,11,11),(258,'nicky 2022年早春白色荷叶边法式性感连衣裙温柔小众设计高腰纯欲',199,'https://gd4.alicdn.com/imgextra/i3/404217486/O1CN01YxUFO725AdgWvJxEY_!!404217486.jpg_400x400.jpg,https://gd4.alicdn.com/imgextra/i4/404217486/O1CN01h86zGu25AdgSNSTAY_!!404217486.jpg_400x400.jpg,https://gd1.alicdn.com/imgextra/i1/404217486/O1CN01IMauR225AdgbJfCOJ_!!404217486.jpg_400x400.jpg',199,11,11),(259,'Bloomin原创夏季限定吊带连衣裙羽毛花瓣裙露背旅行生日派对礼裙',419,'https://img.alicdn.com/imgextra/i3/4144889562/O1CN01Q2r67v2KVRtTgtPAd_!!4144889562.jpg_400x400.jpg,https://img.alicdn.com/imgextra/i3/4144889562/O1CN010mJNhV2KVRtWflkJC_!!4144889562.jpg_400x400.jpg,https://img.alicdn.com/imgextra/i2/4144889562/O1CN01uZ3A9E2KVRtVAB2ks_!!4144889562.jpg_400x400.jpg',398,11,11),(260,'原创正版轻lolita镜像星魅甜美少女洋装软妹打歌服jsk格子连衣裙',249,'https://img.alicdn.com/imgextra/i3/290794590/O1CN01Za0f7n1jmGcHL8dFH_!!290794590.jpg_400x400.jpg,https://img.alicdn.com/imgextra/i3/290794590/O1CN01fznTi21jmGcEkJ8vf_!!290794590.jpg_400x400.jpg,https://img.alicdn.com/imgextra/i2/290794590/O1CN01AlZAkV1jmGcIc1Rhs_!!290794590.jpg_400x400.jpg',249,11,11),(261,'【海风乐章op】withpuji原创设计清爽航海风一字肩两穿Lo裙春夏',298,'https://gd2.alicdn.com/imgextra/i4/2528448487/O1CN0108gLkP2CZ6AGQfTtD_!!2528448487-0-picasso.jpg_400x400.jpg,https://gd4.alicdn.com/imgextra/i4/2528448487/O1CN01GseksL2CZ64QWNGmh_!!2528448487.jpg_400x400.jpg,https://gd1.alicdn.com/imgextra/i1/2528448487/O1CN01kgy1sI2CZ6A9TzMB3_!!2528448487-0-picasso.jpg_400x400.jpg',228,11,11),(262,'原创正版人鱼公主轻lolita甜美花嫁少女精美洋装日常op短袖连衣裙',288,'https://img.alicdn.com/imgextra/i1/290794590/O1CN01Awz3ly1jmGgQzs5GX_!!290794590.jpg_400x400.jpg,https://img.alicdn.com/imgextra/i4/290794590/O1CN015FxG0f1jmGgZsChBy_!!290794590.jpg_400x400.jpg,https://img.alicdn.com/imgextra/i4/290794590/O1CN019ftI651jmGgSVFI0p_!!290794590.jpg_400x400.jpg',258,11,11),(263,'牡丹兔子 女款 长款 短款 花嫁op崋 lolita 现货',7392,'https://img.alicdn.com/imgextra/i4/26107146/O1CN01u0ItIO22euxevgbdg_!!26107146.jpg_400x400.jpg,https://img.alicdn.com/imgextra/i4/26107146/O1CN01hl03fT22euxhC2yku_!!26107146.jpg_400x400.jpg,https://img.alicdn.com/imgextra/i4/26107146/O1CN01PoUuss22euxdmtcqQ_!!26107146.jpg_400x400.jpg',7300,11,11),(264,'正版兔子爱丽丝JSK原创Lolita裙洛丽塔洋装甜系可爱吊带连衣裙夏',158,'https://gd4.alicdn.com/imgextra/i3/2699734170/O1CN01OEVa4p1gfuFzGqHH1_!!2699734170.jpg_400x400.jpg,https://gd4.alicdn.com/imgextra/i4/2699734170/O1CN01BGp3Et1gfuG2nsAjh_!!2699734170.jpg_400x400.jpg,https://gd3.alicdn.com/imgextra/i3/2699734170/O1CN01RFqgwy1gfuGQFnbx6_!!2699734170.jpg_400x400.jpg',158,11,11),(265,'安妮的包裹原创正版lolita 小芭蕾jsk优雅礼服轻柔纱裙吊带连衣裙',280,'https://img.alicdn.com/imgextra/i4/1588911204/O1CN01hpd6GT1KlTboPmXkg_!!1588911204.jpg_400x400.jpg,https://img.alicdn.com/imgextra/i3/1588911204/O1CN01shD3iQ1KlTby5SP6H_!!1588911204.jpg_400x400.jpg,https://img.alicdn.com/imgextra/i1/1588911204/O1CN01I6HgoE1KlTby5TLJd_!!1588911204.jpg_400x400.jpg',258,11,11),(266,'【现货】告白气球家波波巧克力lolita可爱日常裙子软妹',298,'https://gd1.alicdn.com/imgextra/i1/719395140/O1CN01HsDA6g1nqAU096xOq_!!0-item_pic.jpg_400x400.jpg,https://gd1.alicdn.com/imgextra/i1/719395140/O1CN01Ov0nra1nqARhWW8YZ_!!719395140.jpg_400x400.jpg,https://gd1.alicdn.com/imgextra/i1/719395140/O1CN01pylpMO1nqARmkdy3h_!!719395140.jpg_400x400.jpg',290,11,11),(267,'下蛋喵 原创设计 巴洛克肌理浮雕提花设计师蕾丝边小黑礼服连衣裙',189,'https://img.alicdn.com/imgextra/i4/207182799/O1CN01VNJ4fG1WXzGf6kMs7_!!207182799.jpg_400x400.jpg,https://img.alicdn.com/imgextra/i4/207182799/O1CN01khfXSk1WXzGooyD4q_!!207182799.jpg_400x400.jpg,https://img.alicdn.com/imgextra/i4/207182799/O1CN01U94WqP1WXzGhf3HzU_!!207182799.jpg_400x400.jpg',180,11,11),(268,'喵艾卿CatHighness原创华丽款开襟Lolita华鸟云岫现货小高腰OP',398,'https://gd3.alicdn.com/imgextra/i2/2201255817813/O1CN01gKeUeE27aP7a0LUxi_!!2201255817813.jpg_400x400.jpg,https://gd4.alicdn.com/imgextra/i4/2201255817813/O1CN01UIwfAO27aP3KXYl24_!!2201255817813.jpg_400x400.jpg,https://gd3.alicdn.com/imgextra/i3/2201255817813/O1CN01M5yt8u27aP3KCxBfA_!!2201255817813.jpg_400x400.jpg',380,11,11),(269,'原创正版lolita洋装焦糖泰迪熊op茶会款少女洛丽塔日常软妹连衣裙',399,'https://gd3.alicdn.com/imgextra/i2/417597651/O1CN01HdX2R726OCs7ovjIL_!!417597651.jpg_400x400.jpg,https://gd1.alicdn.com/imgextra/i1/417597651/O1CN01seKceU26OCs7owWnJ_!!417597651.jpg_400x400.jpg,https://gd4.alicdn.com/imgextra/i4/417597651/O1CN01Hw9RGG26OCs7YNIKm_!!417597651.jpg_400x400.jpg',158,11,11),(270,'性感吊带夜总店连衣裙女夏v领辣妹低胸豹纹蕾丝边开叉包臀短裙子',98,'https://img.alicdn.com/imgextra/i1/4076429741/O1CN01osFoj62LpQm6uiTHA_!!0-item_pic.jpg_430x430q90.jpg,https://img.alicdn.com/imgextra/i2/4076429741/O1CN01nS7S2t2LpQmBIoxED_!!4076429741.jpg_430x430q90.jpg,https://img.alicdn.com/imgextra/i1/4076429741/O1CN01VlWwwU2LpQm5DfTqo_!!4076429741.jpg_430x430q90.jpg',58.98,11,11),(271,'JHXC 连帽卫衣开衫女设计感小众2022春季新款宽松慵懒风拉链外套',188,'https://img.alicdn.com/imgextra/i2/750666440/O1CN01U7466w1xRZP0xOlnG_!!750666440.jpg_400x400.jpg,https://img.alicdn.com/imgextra/i1/750666440/O1CN01gLKfNk1xRZOtuCx7H_!!750666440.jpg_400x400.jpg,https://img.alicdn.com/imgextra/i2/750666440/O1CN01uj9IrY1xRZOk9IpX5_!!750666440.jpg_400x400.jpg',158,12,12),(272,'ins新款连帽秋冬季衣时尚情侣装超火外套卫衣女小个子高级感印花',141.39,'https://gd4.alicdn.com/imgextra/i4/2210700656245/O1CN01cR8gLP1w0GAcIucJb_!!2210700656245.jpg_400x400.jpg,https://gd4.alicdn.com/imgextra/i4/2210700656245/O1CN01SGVdiL1w0GAT5TmHC_!!2210700656245.jpg_400x400.jpg,https://gd3.alicdn.com/imgextra/i3/2210700656245/O1CN01udhgqm1w0GAghzrXU_!!2210700656245.jpg_400x400.jpg',91.9,12,12),(273,'THELIGHT黑色连帽卫衣女oversize摇滚复古中性街头小众潮2022新款',169,'https://gd4.alicdn.com/imgextra/i4/3038563950/O1CN0151iAQh1f39CZSlDKE_!!0-item_pic.jpg_400x400.jpg,https://gd2.alicdn.com/imgextra/i2/3038563950/O1CN01qQQjAi1f39C5BbUF8_!!3038563950.jpg_400x400.jpg,https://gd4.alicdn.com/imgextra/i4/3038563950/O1CN01XU3yg21f39CBJASJm_!!3038563950.jpg_400x400.jpg',167,12,12),(274,'小个子oversize蓝色卫衣女设计感小众甜酷上衣爆款2022年春季新款',258,'https://img.alicdn.com/imgextra/i3/2200830858558/O1CN01z3k85S2D5cEVT099v_!!0-item_pic.jpg_430x430q90.jpg,https://img.alicdn.com/imgextra/i2/2200830858558/O1CN01xQi1en2D5cERJMdzX_!!2200830858558.jpg_430x430q90.jpg,https://img.alicdn.com/imgextra/i4/2200830858558/O1CN01kRk81w2D5cEYLPcnn_!!2200830858558.jpg_430x430q90.jpg',158,12,12),(275,'春季薄款连帽卫衣女2022年新款韩版小众爱心字母印花宽松长袖上衣',36.98,'https://gd1.alicdn.com/imgextra/i1/2899926356/O1CN01IhRWcl1wp6831i08j_!!0-item_pic.jpg_400x400.jpg,https://gd2.alicdn.com/imgextra/i2/2899926356/O1CN01m0Rzkr1wp682XfNIY_!!2899926356.jpg_400x400.jpg,https://gd2.alicdn.com/imgextra/i2/2899926356/O1CN01yEEqIt1wp686GV5tA_!!2899926356.jpg_400x400.jpg',36.98,12,12),(276,'【璀家cuijia】双向一致粘胶空气层面料 圆领刺绣字母卫衣 N19682',308,'https://gd1.alicdn.com/imgextra/i1/60526855/O1CN01oZ1oAT20Vdm7ciEea_!!60526855.jpg_400x400.jpg,https://gd2.alicdn.com/imgextra/i2/60526855/O1CN01nfwcHf20VdmCygaIy_!!60526855.jpg_400x400.jpg,https://gd4.alicdn.com/imgextra/i4/60526855/O1CN017uCpeo20VdmE7zJvG_!!60526855.jpg_400x400.jpg',300,12,12),(277,'十一少女 圆领套头卫衣女秋季新款减龄两件套休闲短款百褶裙套装',199,'https://gd1.alicdn.com/imgextra/i3/2438016851/O1CN012vECL320To9VwJi9X_!!2438016851.jpg_400x400.jpg,https://gd3.alicdn.com/imgextra/i3/2438016851/O1CN01BZAiJp20To9WC5zdg_!!2438016851.jpg_400x400.jpg,https://gd4.alicdn.com/imgextra/i4/2438016851/O1CN019IcWCY20To9eKdMVl_!!2438016851.jpg_400x400.jpg',190,12,12),(278,'2022春季新款紫色卫衣女薄款韩版宽松套头连帽春秋长袖上衣ins潮',119,'https://img.alicdn.com/imgextra/i3/3045152654/O1CN010xkdBo1VTZoiucznR_!!0-item_pic.jpg_430x430q90.jpg,https://img.alicdn.com/imgextra/i3/3045152654/O1CN01zkV6KE1VTZooY08S5_!!3045152654.jpg_430x430q90.jpg,https://img.alicdn.com/imgextra/i1/3045152654/O1CN01C6Gds21VTZoqb9nyJ_!!3045152654.jpg_430x430q90.jpg',69,12,12),(279,'灰色春秋薄款连帽卫衣女2022早春季新款宽松字母简约套头百搭上衣',119,'https://img.alicdn.com/imgextra/https://img.alicdn.com/imgextra/i4/2208886651953/O1CN01dOkaPO1QIWFELpiho_!!2208886651953.jpg_430x430q90.jpg,https://img.alicdn.com/imgextra/https://img.alicdn.com/imgextra/i1/2208886651953/O1CN01B3o9ND1QIWFMDnapZ_!!2208886651953.jpg_430x430q90.jpg,https://img.alicdn.com/imgextra/https://img.alicdn.com/imgextra/i4/2208886651953/O1CN010S3Nyc1QIWFKQ43Yy_!!2208886651953.jpg_430x430q90.jpg',99,12,12),(280,'宋智雅同款韩版扎染拉链连帽短款卫衣短裙套装女休闲露脐短外套潮',475,'https://img.alicdn.com/imgextra/i4/2207295761952/O1CN01snoq8w1QI3r47yB6y_!!0-item_pic.jpg_430x430q90.jpg,https://img.alicdn.com/imgextra/i4/2207295761952/O1CN015nB1St1QI3qv6NdMe_!!2207295761952.jpg_430x430q90.jpg,https://img.alicdn.com/imgextra/i3/2207295761952/O1CN0170y08H1QI3qv6Qmoi_!!2207295761952.jpg_430x430q90.jpg',306,12,12),(281,'薄款杏色连帽卫衣女宽松2022春秋季新款韩版oversize慵懒风上衣潮',139,'https://img.alicdn.com/imgextra/i1/3045152654/O1CN01S97krs1VTZtItVkLL_!!0-item_pic.jpg_430x430q90.jpg,https://img.alicdn.com/imgextra/i1/3045152654/O1CN01r3f6UC1VTZtLUNiB7_!!3045152654.jpg_430x430q90.jpg,https://img.alicdn.com/imgextra/i2/3045152654/O1CN01kWLZdX1VTZtQqWXBV_!!3045152654.jpg_430x430q90.jpg',79,12,12),(282,'VNOOK 运动套装女新款2022爆款高级宽松棉卫衣休闲polo短裤两件套',139,'https://img.alicdn.com/imgextra/i3/1829387956/O1CN01q4vA7n28dtpzt0jOd_!!1829387956.jpg_400x400.jpg,https://img.alicdn.com/imgextra/i3/1829387956/O1CN017VoQWh28dtpzcLWh6_!!1829387956.jpg_400x400.jpg,https://img.alicdn.com/imgextra/i3/1829387956/O1CN017F4CV528dtq2dKRK7_!!1829387956.jpg_400x400.jpg',89,12,12),(283,'TOUCH MISS2022年新款卡其色爱心卫衣女春秋薄款宽松休闲T恤长袖',33.9,'https://gd3.alicdn.com/imgextra/i3/1736375098/O1CN01Jhcgc91nWvsnggRDj_!!1736375098.jpg_400x400.jpg,https://gd2.alicdn.com/imgextra/i2/1736375098/O1CN01EV7y4R1nWvseCgU7z_!!1736375098.jpg_400x400.jpg,https://gd2.alicdn.com/imgextra/i2/1736375098/O1CN01s6SnLp1nWvsmziGxJ_!!1736375098.jpg_400x400.jpg',33,12,12),(284,'2022春秋新款连帽卫衣女学生刺绣爱心上衣薄款外套ins潮',180.6,'https://gd3.alicdn.com/imgextra/i1/184887038/O1CN01Q4oWif21rSFd9Amx2_!!184887038.jpg_400x400.jpg,https://gd1.alicdn.com/imgextra/i1/184887038/O1CN01et3bOT21rSFeGQ6H9_!!184887038.jpg_400x400.jpg,https://gd2.alicdn.com/imgextra/i2/184887038/O1CN01nDNX0U21rSFf3Llut_!!184887038.jpg_400x400.jpg',90,12,12),(285,'【潮WOO专属】高街VIBE风GRAILZ宽松廓形按扣连帽卫衣潮牌男帽衫',154,'https://gd2.alicdn.com/imgextra/i2/49242021/O1CN01mfoaSG1Qnf9vW9ABe_!!49242021.jpg_400x400.jpg,https://gd1.alicdn.com/imgextra/i1/49242021/O1CN0132Jp1X1Qnf9oHq5nm_!!49242021.jpg_400x400.jpg,https://gd1.alicdn.com/imgextra/i1/49242021/O1CN0132Jp1X1Qnf9oHq5nm_!!49242021.jpg_400x400.jpg',145,12,12),(286,'法犀卡大码白T恤夏季加肥加大宽松圆领潮胖子男装体恤短袖上衣夏',159,'https://img.alicdn.com/imgextra/i1/2023369451/O1CN01Kgz3Eu2JgboGhEmk4_!!2023369451-0-lubanu-s.jpg_430x430q90.jpg,https://img.alicdn.com/imgextra/i4/2023369451/O1CN013rXJHe2JgboL4hfuq_!!2023369451-0-lubanu-s.jpg_430x430q90.jpg,https://img.alicdn.com/imgextra/i4/2023369451/O1CN01qOX4pi2JgboJmpV7P_!!2023369451-0-lubanu-s.jpg_430x430q90.jpg',76,13,13),(287,'Bellken 早起工作室日系宽松260g重磅精梳棉T恤男印花短袖情侣装',79,'https://img.alicdn.com/imgextra/i2/84721298/O1CN015apXiu1LSWqQFkV8p_!!84721298-0-picasso.jpg_400x400.jpg,https://img.alicdn.com/imgextra/i1/84721298/O1CN01emjzaU1LSWq7vkoEq_!!84721298.jpg_400x400.jpg,https://img.alicdn.com/imgextra/i2/84721298/O1CN01KFKKqd1LSWq1QOQF0_!!84721298.jpg_400x400.jpg',79,13,13),(288,'假两件短袖t恤男士日系宽松上衣2022年新款休闲潮牌纯棉重磅体恤',178,'https://picasso.alicdn.com/imgextra/O1CNA1yGEDb01qeD2LKEET5_!!2206494435520-0-psf.jpg_430x430q90.jpg,https://img.alicdn.com/imgextra/i1/2206494435520/O1CN01MZznPz1qeD21Xh5T1_!!2206494435520.jpg_430x430q90.jpg,https://img.alicdn.com/imgextra/i3/2206494435520/O1CN017rWwab1qeD1o2tAIy_!!2206494435520.jpg_430x430q90.jpg',89,13,13),(289,'2022夏季男短袖青年百搭体恤日系宽松潮流棉圆领印花T恤半袖上衣',68,'https://gd3.alicdn.com/imgextra/i2/1138209210/O1CN011ezrzv2HuEQO2oHbP_!!1138209210.jpg_400x400.jpg,https://gd1.alicdn.com/imgextra/i1/1138209210/O1CN01NmIEHO2HuEQPp15lH_!!1138209210.jpg_400x400.jpg,https://gd2.alicdn.com/imgextra/i2/1138209210/O1CN01IkVkgi2HuEQWXh6oQ_!!1138209210.jpg_400x400.jpg',60,13,13),(290,'Y先生t恤2022夏季新款男白色ins男款纯棉短袖潮牌潮流体恤半袖',988,'https://gd3.alicdn.com/imgextra/i2/392686641/O1CN01fPkErs1yvcvcLlSE7_!!392686641.jpg_400x400.jpg,https://gd1.alicdn.com/imgextra/i1/392686641/O1CN01HvjBXl1yvcvlCKuqw_!!392686641.jpg_400x400.jpg,https://gd4.alicdn.com/imgextra/i4/392686641/O1CN01Ofi1IA1yvcvcLjNJK_!!392686641.jpg_400x400.jpg',980,13,13),(291,'白色短袖T恤男夏季韩版潮流宽松半袖男士衣服潮牌ins情侣打底',100,'https://gd3.alicdn.com/imgextra/i4/2204193405/O1CN01SkODF01b1XKlRgK5j_!!2204193405.jpg_400x400.jpg,https://gd2.alicdn.com/imgextra/i2/2204193405/O1CN01oEW0Hv1b1XKjJDhm4_!!2204193405.jpg_400x400.jpg,https://gd2.alicdn.com/imgextra/i2/2204193405/O1CN01dzlqso1b1XKu3Vc65_!!2204193405.jpg_400x400.jpg',100,13,13),(292,'2022夏季新款日系简约潮牌印花短袖T恤男士宽松ins百搭半袖上衣男',68,'https://gd3.alicdn.com/imgextra/i3/1138209210/O1CN01do7dXr2HuERIfCV2y_!!1138209210.jpg_400x400.jpg,https://gd3.alicdn.com/imgextra/i3/1138209210/O1CN01do7dXr2HuERIfCV2y_!!1138209210.jpg_400x400.jpg,https://gd4.alicdn.com/imgextra/i4/1138209210/O1CN014rZWu22HuER6fraSS_!!1138209210.jpg_400x400.jpg',68,13,13),(293,'SRS撞色四宫格印花短袖男女国潮牌街头宽松休闲2022新款夏季T恤',169,'https://img.alicdn.com/bao/uploaded/i3/3217886879/O1CN019899Qv20gdHs7IcNI_!!3217886879.jpg_400x400.jpg,https://img.alicdn.com/imgextra/i4/3217886879/O1CN01mGRFpF20gdH9yO2aI_!!3217886879.jpg_400x400.jpg,https://img.alicdn.com/imgextra/i4/3217886879/O1CN01mjHyfg20gdH438zcV_!!3217886879.jpg_400x400.jpg',160,13,13),(294,'Propcell重磅380g太空布夏季休闲纯色短袖T恤Cityboy日系POLO衫潮',119,'https://gd2.alicdn.com/imgextra/i3/2898949627/O1CN01MZW7R22KzDfK3SJ3k_!!2898949627.jpg_400x400.jpg,https://gd2.alicdn.com/imgextra/i2/2898949627/O1CN01s1ZLde2KzDfHRlzX5_!!2898949627.jpg_400x400.jpg,https://gd1.alicdn.com/imgextra/i1/2898949627/O1CN01xu4gu92KzDfAsD7Pe_!!2898949627.jpg_400x400.jpg',110,13,13),(295,'高级感绿色T恤男ins潮牌夏季短袖潮流痞帅半袖2022新款夏装半截袖',126,'https://img.alicdn.com/imgextra/i1/4202020446/O1CN010YWsXY1FAJOTyc2AH_!!0-item_pic.jpg_430x430q90.jpg,https://img.alicdn.com/imgextra/i3/4202020446/O1CN01jdaeVt1FAJOSITmPK_!!4202020446.jpg_430x430q90.jpg,https://img.alicdn.com/imgextra/i2/4202020446/O1CN01VYKZRK1FAJOPY2ker_!!4202020446.jpg_430x430q90.jpg',68,13,13),(296,'潮牌短袖衬衫男2022夏季新款纯棉帅气宽松男生时尚POLO休闲上衣服',189,'https://img.alicdn.com/imgextra/i2/3081616069/O1CN01rNSRCu1uheSztJJv0_!!0-item_pic.jpg_430x430q90.jpg,https://img.alicdn.com/imgextra/i4/3081616069/O1CN01w3MWhP1uheSthAVC6_!!3081616069.jpg_430x430q90.jpg,https://img.alicdn.com/imgextra/i4/3081616069/O1CN01bWdSvJ1uheStXJ6cK_!!3081616069.jpg_430x430q90.jpg',128,13,13),(297,'polo衫男潮牌大码短袖夏季薄款宽松日潮工装衬衫半袖机能保罗衫潮',299,'https://gd4.alicdn.com/imgextra/i1/419509787/O1CN018x72se2MAUyAJ38R7_!!419509787.jpg_400x400.jpg,https://gd3.alicdn.com/imgextra/i3/419509787/O1CN015L116v2MAUyEK3qa4_!!419509787.jpg_400x400.jpg,https://gd2.alicdn.com/imgextra/i2/419509787/O1CN01IS9cLs2MAUyJFZAGo_!!419509787.jpg_400x400.jpg',108.003,13,13),(298,'日禾商店 复古圆领短袖T恤创意设计印花宽松百搭情侣街头男女半袖',58,'https://gd2.alicdn.com/imgextra/i4/375633331/O1CN018v5hq11aTduMw4epD_!!375633331.jpg_400x400.jpg,https://gd2.alicdn.com/imgextra/i2/375633331/O1CN01VzC6iu1aTduMY7NXC_!!375633331.jpg_400x400.jpg,https://gd2.alicdn.com/imgextra/i2/375633331/O1CN01eRBg9O1aTduEnb0RX_!!375633331.jpg_400x400.jpg',58,13,13),(299,'丘歌狗狗印花t恤男短袖宽松夏季潮牌嘻哈巴哥衣服潮流半袖丅恤ins',118,'https://img.alicdn.com/imgextra/i4/2260476085/O1CN01kwmHED1uoyl7BzA8w_!!0-item_pic.jpg_430x430q90.jpg,https://img.alicdn.com/imgextra/i2/2260476085/O1CN013KF5BI1uoyoPkBrlg_!!2260476085.jpg_430x430q90.jpg,https://img.alicdn.com/imgextra/i2/2260476085/O1CN01buptOT1uoyl4YOcec_!!2260476085.jpg_430x430q90.jpg',68,13,13),(300,'网红T恤男ins潮牌夏季男装衣服短袖2022新款潮流痞帅上衣薄半截袖',126,'https://img.alicdn.com/imgextra/i3/4202020446/O1CN01U2nra31FAJNvhTwom_!!0-item_pic.jpg_430x430q90.jpg,https://img.alicdn.com/imgextra/i4/4202020446/O1CN01NINAtm1FAJO0nnniz_!!4202020446.jpg_430x430q90.jpg,https://img.alicdn.com/imgextra/i4/4202020446/O1CN01TMKmyh1FAJO4vDXc1_!!4202020446.jpg_430x430q90.jpg',68,13,13),(301,'夏季薄款九分裤中国风亚麻五分短裤男大码休闲裤哈伦棉麻七分裤子',286,'https://img.alicdn.com/imgextra/https://img.alicdn.com/imgextra/i1/1792240640/O1CN01VfE2OW1GbA0zPy7Od_!!1792240640.jpg_430x430q90.jpg,https://img.alicdn.com/imgextra/https://img.alicdn.com/imgextra/i3/1792240640/O1CN01WjqwTF1GbA2xxMAfJ_!!1792240640.jpg_430x430q90.jpg,https://img.alicdn.com/imgextra/https://img.alicdn.com/imgextra/i3/1792240640/O1CN01WjqwTF1GbA2xxMAfJ_!!1792240640.jpg_430x430q90.jpg',108,14,14),(302,'余文乐mdns ape潮牌春秋季卫裤男加绒加厚宽松运动束脚休闲长裤子',699,'https://gd3.alicdn.com/imgextra/i3/142620073/O1CN011nPuKp1CPTc21iXNy_!!142620073.jpg_400x400.jpg,https://gd4.alicdn.com/imgextra/i4/142620073/O1CN011Y2lqC1CPTc0Wx8ID_!!142620073.jpg_400x400.jpg,https://gd3.alicdn.com/imgextra/i3/142620073/O1CN01hcF7rk1CPTcOd5wD9_!!0-item_pic.jpg_400x400.jpg',318,14,14),(303,'BWXD春秋潮男束脚裤男士韩版宽松直筒运动裤百搭九分高街休闲裤子',78,'https://gd2.alicdn.com/imgextra/i4/38013925/O1CN01n6BzG31erhBTQ8KhY_!!38013925.jpg_400x400.jpg,https://gd2.alicdn.com/imgextra/i2/38013925/O1CN01yHm8HQ1erhBPRAz9i_!!38013925.jpg_400x400.jpg,https://gd2.alicdn.com/imgextra/i4/38013925/O1CN01n6BzG31erhBTQ8KhY_!!38013925.jpg_400x400.jpg',70,14,14),(304,'闲启studios冰丝休闲裤子男夏季薄款潮流宽松垂感九分运动束脚裤',98,'https://gd4.alicdn.com/imgextra/i4/2206687208808/O1CN01XeiZUh2Ew7Dy2Ta5G_!!2206687208808.jpg_400x400.jpg,https://gd2.alicdn.com/imgextra/i2/2206687208808/O1CN01V2BcTN2Ew7DsvhfBU_!!2206687208808.jpg_400x400.jpg,https://gd4.alicdn.com/imgextra/i4/2206687208808/O1CN01XeiZUh2Ew7Dy2Ta5G_!!2206687208808.jpg_400x400.jpg',48,14,14),(305,'2022休闲裤男士长裤春夏款宽松束脚工装裤子男春夏季哈伦九分裤潮',135,'https://gd4.alicdn.com/imgextra/i3/0/O1CN01Y1E1CB1NlQP35VtD9_!!0-item_pic.jpg_400x400.jpg,https://gd2.alicdn.com/imgextra/i2/2014201610/O1CN012PU90X1NlQLA918nk_!!2014201610.jpg_400x400.jpg,https://gd4.alicdn.com/imgextra/i4/2014201610/O1CN01w8efK81NlQL6kbN50_!!2014201610.jpg_400x400.jpg',59,14,14),(306,'运动卫裤男夏季薄款ins高街潮牌休闲裤宽松百搭帅气九分束脚裤子',129,'https://img.alicdn.com/imgextra/i1/2146928739/O1CN01PcTcRl2EQVxoWAMvv_!!0-item_pic.jpg_430x430q90.jpg,https://img.alicdn.com/imgextra/i2/2146928739/O1CN01ktQD382EQVxzPg3ov_!!2146928739.jpg_430x430q90.jpg,https://img.alicdn.com/imgextra/i3/2146928739/O1CN017baXcV2EQVxzPhs6k_!!2146928739.jpg_430x430q90.jpg',78,14,14),(307,'【清仓断码】◆自助购物◆2022春季新款男装学生青少年休闲裤子潮',59,'https://gd2.alicdn.com/imgextra/i2/3011855382/O1CN016WsFET1pd0N32Zfc1_!!0-item_pic.jpg_400x400.jpg,https://gd3.alicdn.com/imgextra/i4/3011855382/O1CN01TQPK3w1pd0N1OnZOU_!!3011855382.jpg_400x400.jpg,https://gd4.alicdn.com/imgextra/i4/3011855382/O1CN01fWIAjP1pd0MrxsliK_!!3011855382.jpg_400x400.jpg',50,14,14),(308,'色织华夫格裤子男韩版潮流春夏款休闲长裤宽松束脚运动裤男士卫裤',168,'https://img.alicdn.com/imgextra/https://img.alicdn.com/imgextra/i1/3687746254/O1CN01FzU6e11w4Nh8EVq0p_!!3687746254.jpg_430x430q90.jpg,src=\"https://img.alicdn.com/imgextra/https://img.alicdn.com/imgextra/i1/3687746254/O1CN01pxKTen1w4Nh9NV2kV_!!3687746254.jpg_430x430q90.jpg\",https://img.alicdn.com/imgextra/https://img.alicdn.com/imgextra/i4/3687746254/O1CN01Qbzmo41w4Nh9NUm7v_!!3687746254.jpg_430x430q90.jpg',89,14,14),(309,'欧洲站夏季潮牌修身束脚休闲裤男个性数码印花薄款潮流小脚运动裤',138,'https://gd4.alicdn.com/imgextra/i4/2253796399/O1CN015seXgt1x8nAaQwzuv_!!2253796399.jpg_400x400.jpg,https://gd3.alicdn.com/imgextra/i1/0/O1CN01GMMSrK1x8nAaQFUhK_!!0-item_pic.jpg_400x400.jpg,https://gd3.alicdn.com/imgextra/i3/2253796399/O1CN01LVYHbR1x8nAZ0sc8p_!!2253796399.jpg_400x400.jpg',138,14,14),(310,'卫裤男春季潮流条纹拼接束脚休闲裤港风宽松学生大码百搭运动裤子',99,'https://img.alicdn.com/imgextra/i1/2153355693/O1CN01adzy6I1rvRXaMXP5T_!!0-item_pic.jpg_430x430q90.jpg,https://img.alicdn.com/imgextra/i4/2153355693/O1CN01oY7BcT1rvRVBXZpVF_!!2153355693.jpg_430x430q90.jpg,https://img.alicdn.com/imgextra/i1/2153355693/O1CN01lbRYgW1rvRVLrGmU8_!!2153355693.jpg_430x430q90.jpg',58,14,14),(311,'2022春夏季休闲裤男士长裤高中生无金属束脚青年小脚运动九分裤子',298,'https://img.alicdn.com/imgextra/i1/2206687042051/O1CN01eKIKFu1R1Ow8LcB4y_!!0-item_pic.jpg_430x430q90.jpg,https://img.alicdn.com/imgextra/i2/2206687042051/O1CN017DQRF91R1OzYmxS0f_!!2206687042051.jpg_430x430q90.jpg,https://img.alicdn.com/imgextra/i4/2206687042051/O1CN01oaZrkC1R1OwY4UDPP_!!2206687042051.jpg_430x430q90.jpg',99,14,14),(312,'半开扣卫裤男士夏季薄款2022新款潮流宽松篮球运动裤束脚休闲长裤',199,'https://img.alicdn.com/imgextra/i1/2211419073617/O1CN018Pex9o1cadJf30qAG_!!0-item_pic.jpg_430x430q90.jpg,https://img.alicdn.com/imgextra/i1/2211419073617/O1CN01IgIbjt1cadJgY0cDx_!!2211419073617.jpg_430x430q90.jpg,https://img.alicdn.com/imgextra/i4/2211419073617/O1CN01Z8xfIv1cadJll7Ora_!!2211419073617.jpg_430x430q90.jpg',99,14,14),(313,'2022休闲裤男士长裤春夏款宽松束脚工装裤子男春夏季哈伦九分裤潮',59,'https://gd3.alicdn.com/imgextra/i3/2014201610/O1CN01rSbp4L1NlQNN9QCh1_!!0-item_pic.jpg_400x400.jpg,https://gd4.alicdn.com/imgextra/i4/2014201610/O1CN01w8efK81NlQL6kbN50_!!2014201610.jpg_400x400.jpg,https://gd3.alicdn.com/imgextra/i3/2014201610/O1CN01rSbp4L1NlQNN9QCh1_!!0-item_pic.jpg_400x400.jpg',59,14,14),(314,'拼接排扣裤子男直筒宽松ins高街九分休闲裤宽松潮牌百搭运动裤男',29.8,'https://gd4.alicdn.com/imgextra/i4/3075157265/O1CN01OS85KJ23XQ7JNJz6R_!!0-item_pic.jpg_400x400.jpg,https://gd3.alicdn.com/imgextra/i3/3075157265/O1CN01BUc6lL23XQ5MwoCNa_!!3075157265.jpg_400x400.jpg,https://gd3.alicdn.com/imgextra/i3/3075157265/O1CN01mbya3F23XQ5X3tub8_!!3075157265.jpg_400x400.jpg',29,14,14),(315,'【断码优品】满48元包邮◆2022春季新款男装学生青少年休闲裤子潮',59,'https://gd3.alicdn.com/imgextra/i4/2602787549/O1CN016pTHEo25dUdTSEGjY_!!2602787549.jpg_400x400.jpg,https://gd4.alicdn.com/imgextra/i4/2602787549/O1CN01JvaJcd25dUdNLmN7z_!!2602787549.jpg_400x400.jpg,https://gd3.alicdn.com/imgextra/i3/2602787549/O1CN01GwgDLs25dUdNLmm6s_!!2602787549.jpg_400x400.jpg',18.9,14,14),(316,'净化眼球自制运动短裤男潮牌宽松反光抽绳针织跑步休闲五分裤中裤',198,'https://gd1.alicdn.com/imgextra/i1/1879192469/O1CN012SUwdL1U6qZ3Hci16_!!1879192469.jpg_400x400.jpg,https://gd3.alicdn.com/imgextra/i3/1879192469/O1CN0199KqBW1U6qZ5SmIiW_!!1879192469.jpg_400x400.jpg,https://gd3.alicdn.com/imgextra/i3/1879192469/O1CN014I0tC41U6qYzr6pEy_!!1879192469.jpg_400x400.jpg',128,15,15),(317,'净化眼球自制 运动短裤男宽松潮牌弹力针织休闲五分裤篮球慢跑裤',218,'https://gd2.alicdn.com/imgextra/i4/0/O1CN01XIFURP1U6qdnOGDCE_!!0-item_pic.jpg_400x400.jpg,https://gd2.alicdn.com/imgextra/i2/1879192469/O1CN01rKKP9A1U6qTovs5fQ_!!1879192469.jpg_400x400.jpg,https://gd3.alicdn.com/imgextra/i3/1879192469/O1CN01F86Eay1U6qTpvozQH_!!1879192469.jpg_400x400.jpg',108,15,15),(318,'帝哲尼欧美夏季潮牌短裤男薄款速干骷髅印花休闲裤宽松五分沙滩裤',158,'https://gd4.alicdn.com/imgextra/i2/843239322/O1CN01xkdYpB2IjWiypRCAG_!!843239322-0-lubanu-s.jpg_400x400.jpg,https://gd2.alicdn.com/imgextra/i2/843239322/O1CN01AJ0KHf2IjWj27SkDS_!!843239322-0-lubanu-s.jpg_400x400.jpg,https://gd4.alicdn.com/imgextra/i4/843239322/O1CN01FS9v9m2IjWj1q7iZZ_!!843239322-0-lubanu-s.jpg_400x400.jpg',148,15,15),(319,'黑衣先生 机能亚比风工装短裤男宽松廓形多口袋五分裤百搭ins中裤',169,'https://gd1.alicdn.com/imgextra/i1/3308066216/O1CN01oz4SaE1vmyXrwH2Xq_!!3308066216-0-lubanu-s.jpg_400x400.jpg,https://gd2.alicdn.com/imgextra/i2/3308066216/O1CN01Iqf4pb1vmyXuoqrHk_!!3308066216-0-lubanu-s.jpg_400x400.jpg,https://gd4.alicdn.com/imgextra/i4/3308066216/O1CN01JVRJzE1vmyXuosjgN_!!3308066216-0-lubanu-s.jpg_400x400.jpg',89,15,15),(320,'工装短裤男夏季潮流百搭机能五分裤子潮牌外穿休闲设计感小众裤衩',109,'https://img.alicdn.com/imgextra/i4/2146928739/O1CN01eDCIbo2EQVxzRpOKe_!!0-item_pic.jpg_430x430q90.jpg,https://img.alicdn.com/imgextra/i2/2146928739/O1CN013VFlE42EQVxwjSBil_!!2146928739.jpg_430x430q90.jpg,https://img.alicdn.com/imgextra/i3/2146928739/O1CN01d5YYGd2EQVxyhCutT_!!2146928739.jpg_430x430q90.jpg',68,15,15),(321,'夏季薄款短裤男潮牌立体感字母透气休闲中裤港风宽松五分运动裤子',86,'https://img.alicdn.com/imgextra/i2/2153355693/O1CN01Y7Nr7E1rvRXvek4HC_!!2153355693.jpg_430x430q90.jpg,https://img.alicdn.com/imgextra/i2/2153355693/O1CN01xhukVh1rvRXirhcZW_!!2153355693.jpg_430x430q90.jpg,https://img.alicdn.com/imgextra/i2/2153355693/O1CN01sychbq1rvRY1B7NI0_!!2153355693.jpg_430x430q90.jpg',49,15,15),(322,'2022夏季男士短裤潮牌字母印花休闲大口袋工装斜纹水洗质感五分裤',88,'https://img.alicdn.com/imgextra/i1/5026326843/O1CN01kRB8fu20Q91tYUFti_!!5026326843.jpg_400x400.jpg,https://img.alicdn.com/imgextra/i1/5026326843/O1CN01kRB8fu20Q91tYUFti_!!5026326843.jpg_400x400.jpg,https://img.alicdn.com/imgextra/i4/5026326843/O1CN01WaccYP20Q91qZ9SQO_!!5026326843.jpg_400x400.jpg',68,15,15),(323,'休闲短裤男夏季运动潮牌ins爆款宽松5分篮球美式大码男士五分中裤',256,'https://img.alicdn.com/imgextra/https://img.alicdn.com/imgextra/i2/2206494435520/O1CN01G9CSt51qeD1f0zvGP_!!2206494435520.jpg_430x430q90.jpg,https://img.alicdn.com/imgextra/https://img.alicdn.com/imgextra/i2/2206494435520/O1CN010gzwby1qeD1rjZaeF_!!2206494435520.jpg_430x430q90.jpg,https://img.alicdn.com/imgextra/https://img.alicdn.com/imgextra/i1/2206494435520/O1CN01Mqfuip1qeD1sVR8Sg_!!2206494435520.jpg_430x430q90.jpg',128,15,15),(324,'棋盘格短裤男夏季设计感小众ins潮牌大裤衩宽松潮流运动五分裤子',75,'https://img.alicdn.com/imgextra/i4/3021585944/O1CN01WJzZhG1tmOxLl5bZJ_!!3021585944.jpg_430x430q90.jpg,https://img.alicdn.com/imgextra/i4/3021585944/O1CN01rmpCT41tmOxSp3kVx_!!3021585944.jpg_430x430q90.jpg,//img.alicdn.com/imgextra/i2/3021585944/O1CN01wfMqAM1tmOxQBHrd5_!!3021585944.jpg_430x430q90.jpg',48,15,15),(325,'森马夏季新款男直筒假两件五分裤休闲短裤男女情侣运动裤宽松潮牌',69,'https://gd3.alicdn.com/imgextra/i3/46076605/O1CN01653Gxc1yf8lXplnx4_!!0-item_pic.jpg_400x400.jpg,https://gd2.alicdn.com/imgextra/i2/46076605/O1CN018yMyLb1yf8ktrQuBc_!!46076605.jpg_400x400.jpg,https://gd4.alicdn.com/imgextra/i4/46076605/O1CN01eOBQ9C1yf8kugIcKt_!!46076605.jpg_400x400.jpg',69,15,15),(326,'KISSNATE美式街头黑色短裤夏季男女宽松刺绣休闲运动五分裤INS潮',149,'https://img.alicdn.com/imgextra/i1/435019271/O1CN01kJho692IMAftGXf40_!!435019271.jpg_400x400.jpg,https://img.alicdn.com/imgextra/i3/435019271/O1CN01FG1gii2IMAfoj6yEv_!!435019271.jpg_400x400.jpg,https://img.alicdn.com/imgextra/i2/435019271/O1CN01RDF1nv2IMAfwGcbcp_!!435019271.jpg_400x400.jpg',149,15,15),(327,'夏季冰丝短裤男宽松直筒垂感开衩篮球五分裤痞帅炸街网红大码裤子',116,'https://img.alicdn.com/imgextra/i2/3338774462/O1CN01pVw9Tt1ipdzNpPvpo_!!0-item_pic.jpg_430x430q90.jpg,https://img.alicdn.com/imgextra/i2/3338774462/O1CN012TSuUC1ipdzCdk0nq_!!3338774462.jpg_430x430q90.jpg,https://img.alicdn.com/imgextra/i1/3338774462/O1CN01yQULvX1ipdzO88p5u_!!3338774462.jpg_430x430q90.jpg',49,15,15),(328,'华夫格短裤男夏季潮流宽松休闲五分裤男士外穿潮牌ins夏天大裤衩',110,'https://img.alicdn.com/imgextra/i2/3236494632/O1CN01n92Y1h1k5VFgpajIM_!!0-item_pic.jpg_430x430q90.jpg,https://img.alicdn.com/imgextra/i3/3236494632/O1CN01nipv2h1k5VFpRpRDC_!!3236494632.jpg_430x430q90.jpg,https://img.alicdn.com/imgextra/i2/3236494632/O1CN01tag4To1k5VFv6Rupp_!!3236494632.jpg_430x430q90.jpg',55,15,15),(329,'UUCSCC夏薄款余文乐潮牌ins国潮宽松嘻哈大码工装韩版潮流短裤男',89.9,'https://img.alicdn.com/imgextra/i4/2208113727573/O1CN01tvOoYE25oU7m5hrug_!!0-item_pic.jpg_430x430q90.jpg,https://img.alicdn.com/imgextra/i3/2208113727573/O1CN011Dq5nU25oU10A3auo_!!2208113727573.jpg_430x430q90.jpg,https://img.alicdn.com/imgextra/i2/2208113727573/O1CN01CZ5K1k25oU0to0Pne_!!2208113727573.jpg_430x430q90.jpg',86.3,15,15),(330,'腰果花短裤男夏季潮牌高街风乞丐美式hiphop裤子小众设计感滑板裤',128,'https://img.alicdn.com/imgextra/i3/3864051156/O1CN01TJ6cB51KPUb5XEM7m_!!0-item_pic.jpg_430x430q90.jpg,https://img.alicdn.com/imgextra/i1/3864051156/O1CN0159ZcXd1KPUbFBhhNW_!!3864051156.jpg_430x430q90.jpg,https://img.alicdn.com/imgextra/i4/3864051156/O1CN01Z6O4gM1KPUb0euq5c_!!3864051156.jpg_430x430q90.jpg',78.88,15,15),(331,'帅气春秋季2022印花复古宽松休闲上衣机车大码夹克潮流牛仔外套男',328,'https://img.alicdn.com/imgextra/i4/2260500017/O1CN01lvABIZ1BzpIDhEjfd_!!0-item_pic.jpg_430x430q90.jpg,https://img.alicdn.com/imgextra/i2/2260500017/O1CN015qA9uo1BzpIJGIFpB_!!2260500017.jpg_430x430q90.jpg,https://img.alicdn.com/imgextra/i1/2260500017/O1CN01kV6CCm1BzpIMGlcif_!!2260500017.jpg_430x430q90.jpg',248,16,16),(332,'撞色衬衫男春秋季上衣纯棉宽松开衫工装休闲外套拼接日系薄款潮流',268,'https://img.alicdn.com/imgextra/i2/2260500017/O1CN0161xFgw1BzpP0TnouS_!!0-item_pic.jpg_430x430q90.jpg,https://img.alicdn.com/imgextra/i2/2260500017/O1CN018d9gw61BzpOzLQCqt_!!2260500017.jpg_430x430q90.jpg,https://img.alicdn.com/imgextra/i4/2260500017/O1CN01mebukT1BzpOxLueZh_!!2260500017.jpg_430x430q90.jpg',168,16,16),(333,'男士连帽满印外套男春季韩版潮流百搭外衣休闲夹克春秋男装冲锋衣',159,'https://img.alicdn.com/imgextra/i3/1757689593/O1CN01n1xyAx2Kje9n9Pyt7_!!1757689593.jpg_430x430q90.jpg,https://img.alicdn.com/imgextra/i4/1757689593/O1CN01QL5Bo82Kje9tqPNOF_!!1757689593.jpg_430x430q90.jpg,https://img.alicdn.com/imgextra/i1/1757689593/O1CN01WQ6spj2Kje9yrCNDQ_!!1757689593.jpg_430x430q90.jpg',129,16,16),(334,'秋季日系ins潮牌工装外套男韩版宽松港风纯色复古休闲夹克bf上衣',129.89,'https://gd2.alicdn.com/imgextra/i4/3246112077/O1CN019JtDRW1RDJFKsSIMY_!!3246112077.jpg_400x400.jpg,https://gd3.alicdn.com/imgextra/i3/3246112077/O1CN01yCpduD1RDJBUR5Rvc_!!3246112077.jpg_400x400.jpg,https://gd3.alicdn.com/imgextra/i3/3246112077/O1CN01VZCilg1RDJFNN8W9L_!!0-item_pic.jpg_400x400.jpg',29.8,16,16),(335,'英爵伦2022新款小熊夹克男春季潮牌镭射印花男生外套痞帅春秋外衣',268,'https://img.alicdn.com/imgextra/https://img.alicdn.com/imgextra/i3/1860270913/O1CN01CFwvLb1IcCJHZiERJ_!!1860270913.jpg_430x430q90.jpg,https://img.alicdn.com/imgextra/https://img.alicdn.com/imgextra/i2/1860270913/O1CN01sePAyj1IcCJHJA0kr_!!1860270913.jpg_430x430q90.jpg,https://img.alicdn.com/imgextra/https://img.alicdn.com/imgextra/i3/1860270913/O1CN01Hsk8bD1IcCKVKgZwH_!!1860270913.jpg_430x430q90.jpg',158,16,16),(336,'春季开衫卫衣男拉链加绒加厚学生青少年宽松连帽潮流休闲春秋外套',258,'https://img.alicdn.com/imgextra/i4/3082957692/O1CN01gu0qZ726gzHSYnkXh_!!0-item_pic.jpg_430x430q90.jpg,https://img.alicdn.com/imgextra/i1/3082957692/O1CN019rVBlm26gzEReJKxr_!!3082957692.jpg_430x430q90.jpg,https://img.alicdn.com/imgextra/i3/3082957692/O1CN01N50CJW26gzG6UjY0n_!!3082957692.jpg_430x430q90.jpg',168,16,16),(337,'高级设计感外套男士春秋季潮流痞帅翻领夹克韩版百搭春装2022新款',308,'https://img.alicdn.com/imgextra/i2/2954092153/O1CN015ybUGX1Rm7TF4rOR5_!!0-item_pic.jpg_430x430q90.jpg,https://img.alicdn.com/imgextra/i1/2954092153/O1CN01pRBH1e1Rm7T9pKlBE_!!2954092153.jpg_430x430q90.jpg,https://img.alicdn.com/imgextra/i4/2954092153/O1CN01XTzTQG1Rm7T5BMUQX_!!2954092153.jpg_430x430q90.jpg',158,16,16),(338,'雪花扎染牛仔夹克男ins潮牌加肥大码胖子宽松boy炸街工装外套秋季',128,'https://img.alicdn.com/imgextra/i2/2908773250/O1CN01N0aEWm1ZsXuO8n2iW_!!0-item_pic.jpg_430x430q90.jpg,https://img.alicdn.com/imgextra/i1/2908773250/O1CN01V2Ri2y1ZsXuHDnZuy_!!2908773250.jpg_430x430q90.jpg,https://img.alicdn.com/imgextra/i4/2908773250/O1CN01hpUugr1ZsXuSvoYpQ_!!2908773250.jpg_430x430q90.jpg',98,16,16),(339,'UUCSCC秋季美式嘻哈字母印花衬衫男宽松休闲街头潮流衬衣潮牌外套',119.9,'https://gd2.alicdn.com/imgextra/i3/0/O1CN01sm0Mbt1Nod9ZVtoAn_!!0-item_pic.jpg_400x400.jpg,https://gd2.alicdn.com/imgextra/i2/3549681617/O1CN01PVWbYd1Nod8zhf6hl_!!3549681617.jpg_400x400.jpg,https://gd4.alicdn.com/imgextra/i4/3549681617/O1CN01PZX30N1Nod8ynlUQN_!!3549681617.jpg_400x400.jpg',110,16,16),(340,'UUCSCC春季嘻哈PU皮夹克潮牌小众印花宽松oversize黑色大码外套男',229.9,'https://img.alicdn.com/imgextra/i4/2208113727573/O1CN01QjAHML25oU7pyS2jh_!!0-item_pic.jpg_430x430q90.jpg,https://img.alicdn.com/imgextra/i2/2208113727573/O1CN01WFJ8rT25oU7qinSpG_!!2208113727573.jpg_430x430q90.jpg,https://img.alicdn.com/imgextra/i3/2208113727573/O1CN01c5sA7b25oU7rkI5rB_!!2208113727573.jpg_430x430q90.jpg',220.7,16,16),(341,'超长薄款春秋百搭风衣男士中长款潮流2022春季男装新款外套双排扣',628,'https://img.alicdn.com/imgextra/i3/2949651072/O1CN01gbtseX1Jn1HpjezDY_!!0-item_pic.jpg_430x430q90.jpg,https://img.alicdn.com/imgextra/i1/2949651072/O1CN01h518XX1Jn1HeMSrtK_!!2949651072.jpg_430x430q90.jpg,https://img.alicdn.com/imgextra/i2/2949651072/O1CN01SNHmpA1Jn1HRCI1Rv_!!0-item_pic.jpg_430x430q90.jpg',328,16,16),(342,'外套男士秋冬季港风运动棒球服夹克ins潮牌休闲学生宽松外套潮流',269,'https://gd2.alicdn.com/imgextra/i2/2424901998/O1CN01R7P4Lr1Qd8593VMb4_!!2424901998.jpg_400x400.jpg,https://gd4.alicdn.com/imgextra/i4/2424901998/O1CN01g9VY5Q1Qd855HL4J0_!!2424901998.jpg_400x400.jpg,https://gd2.alicdn.com/imgextra/i2/2424901998/O1CN01AarpgG1Qd84rdRal5_!!2424901998.jpg_400x400.jpg',134.5,16,16),(343,'夏季短袖衬衫男韩版休闲潮流痞帅气宽松港风日系工装衬衣半袖外套',138.2,'https://gd3.alicdn.com/imgextra/i2/3075157265/O1CN01BzbSVk23XQ1FCyGnX_!!3075157265-0-lubanu-s.jpg_400x400.jpg,https://gd2.alicdn.com/imgextra/i2/3075157265/O1CN01SFxVuC23XQ2AnqbSB_!!3075157265.jpg_400x400.jpg,https://gd3.alicdn.com/imgextra/i3/3075157265/O1CN01aBkoSW23XQ2YzRYSE_!!0-item_pic.jpg_400x400.jpg',29.8,16,16),(344,'AOGZ国潮牌腰果花棒球夹克男春秋季潮流百搭ins立领卫衣情侣外套',399,'https://img.alicdn.com/bao/uploaded/i2/676198570/O1CN01Qt9i0E2DB72KaBjs8_!!676198570.jpg_400x400.jpg,https://img.alicdn.com/bao/uploaded/i2/676198570/O1CN01eGzEN52DB6ytGvkjK_!!676198570.jpg_400x400.jpg,https://img.alicdn.com/imgextra/i3/676198570/O1CN01xaor4f2DB6yp7keoT_!!676198570.jpg_400x400.jpg',138,16,16),(345,'2022格子毛呢外套男宽松潮牌慵懒风夹克春秋ins韩版潮流痞帅上衣',140,'https://gd4.alicdn.com/imgextra/i4/624373933/O1CN01LhHn4j1evMSpYzrkv_!!0-item_pic.jpg_400x400.jpg,https://gd2.alicdn.com/imgextra/i2/624373933/O1CN01QNYcs01evMRMnqCPp_!!624373933.jpg_400x400.jpg,https://gd2.alicdn.com/imgextra/i3/624373933/O1CN01v53D7e1evMRR7etp6_!!624373933.jpg_400x400.jpg',72.5,16,16),(346,'方寸先生棉衣男韩版新款棉服冬季加厚面包服2021男士冬季外套潮',555,'https://gd1.alicdn.com/imgextra/i3/924876692/O1CN01BQ50Tv1zIz39KLDpu_!!924876692.jpg_400x400.jpg,https://gd1.alicdn.com/imgextra/i1/924876692/O1CN0168zVTD1zIz342eOTT_!!924876692.jpg_400x400.jpg,https://gd1.alicdn.com/imgextra/i1/924876692/O1CN0168zVTD1zIz342eOTT_!!924876692.jpg_400x400.jpg',249,17,17),(347,'羽绒服男2022年新款连帽修身上衣休闲百搭保暖夹克青年加厚外套潮',788,'https://img.alicdn.com/imgextra/i2/2211419073617/O1CN01hhul6C1cadHjJhGdB_!!0-item_pic.jpg_430x430q90.jpg,https://img.alicdn.com/imgextra/i2/2211419073617/O1CN01FX0fBV1cadHmgr5pk_!!2211419073617.jpg_430x430q90.jpg,https://img.alicdn.com/imgextra/i3/2211419073617/O1CN01pBIZ4s1cadHd3rfwb_!!2211419073617.jpg_430x430q90.jpg',298,17,17),(348,'正风高级感钢印加厚棒球外套男宽松oversize呢子料棉服青少年棉衣',328,'https://gd4.alicdn.com/imgextra/i4/1853030644/O1CN01GuaQhz1Gczo6xGzdZ_!!0-item_pic.jpg_400x400.jpg,https://gd3.alicdn.com/imgextra/i1/1853030644/O1CN01m9s0zu1Gczmr5zRsG_!!1853030644.jpg_400x400.jpg,https://gd4.alicdn.com/imgextra/i4/1853030644/O1CN016re0yr1GczmstyYg2_!!1853030644.jpg_400x400.jpg',188,17,17),(349,'BONELESS 麂皮重磅棉服夹克加厚款秋冬皮质棉服拉链外套男潮牌',698,'https://img.alicdn.com/imgextra/i3/2955054284/O1CN01FffEGR1hW7JWk4857_!!2955054284.jpg_400x400.jpg,https://img.alicdn.com/imgextra/i2/2955054284/O1CN01yHxe5c1hW7JULr5Zg_!!2955054284.jpg_400x400.jpg,https://img.alicdn.com/imgextra/i4/2955054284/O1CN01u3yG741hW7JZ08r3O_!!2955054284.jpg_400x400.jpg',568,17,17),(350,'hotsuit后秀羽绒服冬季男士外套连帽上衣防风防寒保暖加厚户外',1599,'https://img.alicdn.com/imgextra/i4/3335503564/O1CN01DfZY401cCMIKagSP0_!!3335503564.jpg_430x430q90.jpg,https://img.alicdn.com/imgextra/i1/3335503564/O1CN012vCS8n1cCMICFQSnA_!!3335503564.jpg_430x430q90.jpg,https://img.alicdn.com/imgextra/i2/3335503564/O1CN01mcih411cCMICFOWF1_!!3335503564.jpg_430x430q90.jpg',1599,17,17),(351,'RAYSHOW新款冬装亮面 原创不规则分割短款宽松羽绒服外套男女潮',569,'https://gd4.alicdn.com/imgextra/i4/98426859/O1CN01o1IHUD20XTFhW2EnV_!!98426859.jpg_400x400.jpg,https://gd4.alicdn.com/imgextra/i4/98426859/O1CN01kZA2HO20XTFh7vYFR_!!98426859.jpg_400x400.jpg,https://gd2.alicdn.com/imgextra/i2/98426859/O1CN01SiWdfV20XTLguzhZe_!!0-item_pic.jpg_400x400.jpg',569,17,17),(352,'帅爆~时尚设计师 菠萝纹拼接层次感 冬季保暖中长款连帽羽绒服男',758,'https://img.alicdn.com/imgextra/i2/69464049/O1CN01sErlJ71fmUOaXEEih_!!69464049.jpg_400x400.jpg,https://img.alicdn.com/imgextra/i4/69464049/O1CN01EicKzp1fmUOW7JAXI_!!69464049.jpg_400x400.jpg,https://img.alicdn.com/imgextra/i3/69464049/O1CN01hFnM4b1fmUOYtH7RE_!!69464049.jpg_400x400.jpg',758,17,17),(353,'Kaalixto国潮牌棉服冬季新款短款男ins潮韩版设计感小众',599,'https://img.alicdn.com/imgextra/https://img.alicdn.com/imgextra/i3/3336397807/O1CN01QIVfDX27Xeo8Igl43_!!3336397807.jpg_430x430q90.jpg,https://img.alicdn.com/imgextra/https://img.alicdn.com/imgextra/i3/3336397807/O1CN013NifhN27XeoCgtLYM_!!3336397807.jpg_430x430q90.jpg,https://img.alicdn.com/imgextra/https://img.alicdn.com/imgextra/i3/3336397807/O1CN01U2WLpZ27XeoHMKeiR_!!3336397807.jpg_430x430q90.jpg',399,17,17),(354,'【12期免息】MOOSE KNUCKLES BEDEQUE BOMBER 男士羽绒飞行员夹克',11600,'https://img.alicdn.com/imgextra/i2/4114744471/O1CN01AzWlvO1itlWMbBDqu_!!4114744471.png_430x430q90.jpg,https://img.alicdn.com/imgextra/i3/4114744471/O1CN01krdUn61itlYWkbA1M_!!4114744471.png_430x430q90.jpg,https://img.alicdn.com/imgextra/i4/4114744471/O1CN01VVhtBq1itlWVOkFH8_!!4114744471.png_430x430q90.jpg',11600,17,17),(355,'2021新款冬季ins美式复古棋盘格棉服外套男棉衣棉袄情侣面包服潮',178,'https://gd2.alicdn.com/imgextra/i2/2207862249674/O1CN01HSTAgs2LKkGZObraw_!!2207862249674.jpg_400x400.jpg,https://gd4.alicdn.com/imgextra/i4/2207862249674/O1CN01ViWQbC2LKkGRL4Li8_!!2207862249674.jpg_400x400.jpg,https://gd2.alicdn.com/imgextra/i2/2207862249674/O1CN01BLFhZH2LKkGJeVCOo_!!2207862249674.jpg_400x400.jpg',178,17,17),(356,'哥哥家冬季棉服2021新款棉衣加厚男士棉袄韩版潮流宽松港风外套潮',288,'https://gd1.alicdn.com/imgextra/i2/2845769688/O1CN01bMQ6FH2LR9nuzpLxt_!!2845769688.jpg_400x400.jpg,https://gd3.alicdn.com/imgextra/i3/2845769688/O1CN01eBmgTj2LR9o5jbU6u_!!2845769688.jpg_400x400.jpg,https://gd2.alicdn.com/imgextra/i2/2845769688/O1CN01evUnUG2LR9o1MBpae_!!2845769688.jpg_400x400.jpg',288,17,17),(357,'波司登2021年新款羽绒服男中长款工装可脱卸帽鹅绒外套B10143213',2199,'https://img.alicdn.com/imgextra/https://img.alicdn.com/imgextra/i2/444264388/O1CN01ZLZO2z1iHkfJTWDsy_!!444264388.jpg_430x430q90.jpg,https://img.alicdn.com/imgextra/https://img.alicdn.com/imgextra/i1/444264388/O1CN01tDmMsL1iHkdyCCBss_!!444264388.jpg_430x430q90.jpg,https://img.alicdn.com/imgextra/https://img.alicdn.com/imgextra/i3/444264388/O1CN01nylLbk1iHkgKTnJni_!!444264388.jpg_430x430q90.jpg',2100,17,17),(358,'冬季外套男生加厚棉衣韩版潮流帅气学生百搭ins港风棉服潮牌立领',198,'https://gd1.alicdn.com/imgextra/i3/1905662103/O1CN01gOxLY61RPDYrSmFWk_!!1905662103.jpg_400x400.jpg,https://gd3.alicdn.com/imgextra/i3/1905662103/O1CN01APy0LE1RPDYiRu8PL_!!1905662103.jpg_400x400.jpg,https://gd2.alicdn.com/imgextra/i2/1905662103/O1CN01LVJspQ1RPDYoxhaSG_!!0-item_pic.jpg_400x400.jpg',77.78,17,17),(359,'森马潮男羽绒棉服冬季加厚袄子面包服高级感棉衣学生情侣韩风外套',188,'https://gd2.alicdn.com/imgextra/i2/2468976716/O1CN01wHctDu1zTyibTLWgl_!!0-item_pic.jpg_400x400.jpg,https://gd1.alicdn.com/imgextra/i1/2468976716/O1CN01JCl0uN1zTyhoVGpn8_!!2468976716.jpg_400x400.jpg,https://gd2.alicdn.com/imgextra/i2/2468976716/O1CN01sFmNUx1zTyhsqoOx1_!!2468976716.jpg_400x400.jpg',188,17,17),(360,'2021年秋冬季新款棉袄男士外套短款皮面包服羽绒棉服韩版潮流棉衣',139.8,'https://gd2.alicdn.com/imgextra/i2/4033991289/O1CN01ZaBrIR1LOPG7EO5fX_!!4033991289.jpg_400x400.jpg,https://gd3.alicdn.com/imgextra/i3/4033991289/O1CN01gK9S6g1LOPG8pnuO6_!!4033991289.jpg_400x400.jpg,https://gd2.alicdn.com/imgextra/i2/4033991289/O1CN01gCpN5H1LOPGCWOOOg_!!4033991289.jpg_400x400.jpg',97.89,17,17);

/*Table structure for table `tab_goodsdetail` */

DROP TABLE IF EXISTS `tab_goodsdetail`;

CREATE TABLE `tab_goodsdetail` (
  `goods_id` int(11) NOT NULL COMMENT '商品id',
  `goods_size` varchar(50) NOT NULL COMMENT '商品尺寸Xs（加小码）S（小码）M（中码）L（大码）Xl（加大码）Avg（均码）',
  `goods_gender` varchar(10) NOT NULL COMMENT '男装，女装，都可以',
  `goods_stock` int(11) NOT NULL COMMENT '商品库存',
  PRIMARY KEY (`goods_id`)
) ENGINE=InnoDB DEFAULT CHARSET=utf8;

/*Data for the table `tab_goodsdetail` */

insert  into `tab_goodsdetail`(`goods_id`,`goods_size`,`goods_gender`,`goods_stock`) values (121,'S,M,L,XL','女装',100),(122,'S,M,L','女装',100),(123,'S,M,L','女装',120),(124,'XS,S,M,L','女装',100),(125,'XS,S,M,L','女装',100),(126,'S,M,L','女装',110),(127,'S,M','女装',80),(128,'S,M','女装',90),(129,'XS,S,M,L','女装',100),(130,'S,M,L,XL','女装',110),(131,'S,M,L','女装',130),(133,'S,M,L','女装',300),(134,'S,M,L,XL,2XL,3XL,4XL,5XL','男装',200),(135,'S,M,L,XL,2XL','男装',150),(136,'XS,S,M,L,XL','男装',160),(137,'S,M,L','女装',230),(138,'M,L,XL','女装',190),(139,'S,M,L,XL','女装',220),(140,'XS,S,M','女装',320),(141,'S,M,L,XL','男装',270),(142,'S,M,L','男装',100),(143,'XS,S,M,L','男装/女装',140),(144,'M,L,XL,2XL','男装',300),(145,'S,M,L','女装',100),(146,'XS,S,M,L','女装',120),(153,'M,L,XL,2XL,3XL','男装',250),(156,'S,M,L','女装',110),(158,'S,M,L,XL','男装/女装',150),(159,'S,M,L','女装',160),(160,'XS,M,L','女装',360),(161,'S,M,L,XL','男装/女装',190),(162,'M,L,XL','男装/女装',166),(164,'XS,S,M','女装',146),(165,'S,M,L','女装',190),(166,'XS,S,M,L','女装',175),(167,'S,M,L','女装',145),(168,'XS,S,M','女装',230),(169,'S,M,L','女装',225),(170,'S,M,L','女装',205),(171,'S,M,L','女装',195),(172,'S,M,L,XL','女装',160),(173,'XS,S,M,L','女装',135),(174,'S,M,L','女装',174),(175,'M,L,XL','女装',310),(176,'S,M,L,XL','女装',115),(177,'XS,S,M','女装',125),(178,'S,M,L','女装',123),(179,'S,M,L,XL','女装',213),(180,'M,L,XL,2XL','女装',112),(181,'S,M,L','女装',122),(182,'XS,S,M','女装',143),(183,'S,M,L,XL','女装',164),(184,'S,M,L','女装',246),(185,'S,M,L,XL','女装',314),(186,'XS,S,M,L,XL','女装',199),(187,'S,M,L,XL,2XL','女装',188),(188,'M,L,XL','女装',156),(189,'S,M,L','女装',177),(190,'S,M,L,XL','女装',192),(191,'S,M,L','女装',293),(192,'S,M,L,XL','女装',246),(193,'XS,S,M,L','女装',162),(194,'S,M,L,XL','女装',294),(195,'S,M,L','女装',244),(196,'S,M,L,XL','女装',179),(197,'S,M','女装',399),(198,'S,M,L','女装',299),(199,'S,M,L,XL','女装',312),(200,'XS,S,M,L','女装',245),(201,'S,M,L,XL','女装',284),(202,'S,M,L','女装',267),(203,'M,L,XL,2XL','女装',197),(204,'S,M,L,XL,X2L','女装',222),(205,'S,M,L','女装',333),(206,'S,M,L,XL,2XL','女装',111),(207,'XS,S,M','女装',98),(208,'XS,S,M,L,XL','女装',88),(209,'S,M,L','女装',277),(210,'S,M,L,XL','女装',391),(213,'S,M,L','女装',267),(215,'S,M,L,XL,2XL','女装',267),(216,'XS,S,M','女装',211),(219,'S,M,L,XL','女装',266),(220,'S,M,L,XL,2XL','女装',148),(224,'S,M,L','女装',246),(225,'XS,S,M,L','女装',145),(226,'XS,S,M,L,XL','男装',274),(227,'S,M,L,XL','女装',266),(228,'M,L,XL,2XL','男装',155),(229,'S,M,L','女装',142),(230,'S,M,L,XL','女装',274),(231,'S,M,L','女装',124),(232,'M,L,XL','男装',146),(233,'XS,S,M,L','女装',222),(234,'S,M,L,XL','男装',312),(235,'XS,S,M','女装',119),(236,'XS,S,M,L','女装',334),(237,'M,L,XL,2XL','男装',244),(238,'S,M,L,XL','男装',148),(239,'XS,S,M,L','女装',216),(240,'S,M,L,XL','男装/女装',400),(241,'S,M,L,XL','男装/女装',300),(242,'S,M,L','女装',200),(243,'S,M,L','女装',100),(244,'XS,S,M,L','女装',90),(250,'S,M,L','女装',226),(251,'S,M,L,XL','女装',175),(253,'XS,S,M,XL','女装',229),(254,'S,M,L','女装',311),(256,'S,M,L','女装',158),(257,'S,M,L,XL','女装',211),(258,'S,M,L,XL,2XL','女装',364),(259,'XS,S,M','女装',191),(260,'S,M,L','女装',110),(261,'S,M,L,XL','女装',120),(262,'S,M,L,XL','女装',130),(263,'S,M,L','女装',150),(264,'S,M,L','女装',180),(265,'XS,S,M,L','女装',200),(266,'XS,S,M,L,XL','女装',210),(267,'S,M,L,XL','女装',220),(268,'S,M,L,XL,2XL','女装',230),(269,'S,M,L','女装',250),(270,'S,M,L','女装',260),(271,'S,M,L','女装',280),(272,'S,M,L,XL','女装',290),(273,'S,M,L,XL,2XL','女装',300),(274,'XS,S,M','女装',310),(275,'XS,S,M','女装',320),(276,'XS,S,M,L','女装',330),(277,'XS,S,M,L,2XL','女装',340),(278,'S,M,L','女装',350),(279,'S,M,L,XL','女装',360),(280,'S,M,L','女装',380),(281,'S,M,L','女装',400),(282,'S,M,L,XL','女装',100),(283,'S,M,L,XL,2XL,3XL','女装',113),(284,'S,M,L','女装',122),(285,'S,M,L','男装',133),(286,'S,M,L,XL,2XL','男装',200),(287,'S,M,L,XL','男装',190),(288,'M,L,XL,2XL','男装',180),(289,'M,L,XL','男装',170),(290,'S,M,L','男装',150),(291,'S,M,L,XL','男装',170),(292,'M,L,XL,2XL','男装',240),(293,'S,M,L,XL','男装/女装',260),(294,'M,L,XL','男装',220),(295,'S,M,L,XL','男装',210),(296,'S,M,L,XL','男装',190),(297,'M,L,XL,2XL,3XL','男装',300),(298,'M,L,XL','男装/女装',260),(299,'M,L,XL','男装',222),(300,'S,M,L,XL','男装',360),(301,'S,M,L','男装',144),(302,'XS,S,M,L','男装',164),(303,'S,M,L,XL','男装',201),(304,'S,M,L,XL,2XL','男装',266),(305,'XS,S,M','男装',312),(306,'XS,S,M,L,XL','男装',256),(307,'S,M,L,XL','男装',241),(308,'S,M,L','男装',299),(309,'M,L,XL,2XL,3XL','男装',253),(310,'S,M,L','男装',144),(311,'XS,M,L','男装',111),(312,'S,M,L,XL','男装',123),(313,'M,L,XL','男装',321),(314,'S,M,L,XL','男装',196),(315,'S,M,L','男装',220),(316,'S,M,L,XL,2XL','男装',222),(317,'S,M,L','男装',266),(318,'XS,S,M,L,XL','男装',288),(319,'S,M,L','男装',366),(320,'S,M,L,XL,2XL,3XL','男装',266),(321,'M,L,XL','男装',166),(322,'M,L,XL,2XL','男装',233),(323,'S,M,L,XL','男装',254),(324,'S,M,L','男装',177),(325,'XS,S,M,L,XL','男装',322),(326,'XS,S,M,L,XL','男装/女装',200),(327,'S,M,L','男装',210),(328,'S,M,L,XL','男装',320),(329,'S,M,L','男装',233),(330,'S,M,L,XL','男装',193),(331,'XS,S,M','男装',211),(332,'S,M,L,XL','男装',213),(333,'S,M,L','男装',231),(334,'XS,S,M,L,XL','男装',145),(335,'S,M,L','男装',278),(336,'S,M,L,XL','男装',315),(337,'S,M,L','男装',122),(338,'M,L,XL,2XL,3XL,4XL','男装',166),(339,'S,M,L,XL','男装',214),(340,'S,M,L','男装',311),(341,'M,L,XL,2XL','男装',213),(342,'S,M,L,XL','男装',161),(343,'S,M,L,XL','男装',191),(344,'S,M,L','男装',121),(345,'XS,S,M','男装',177),(346,'S,M,L,XL','男装',161),(347,'S,M,L','男装',176),(348,'XS,S,M,L','男装',366),(349,'S,M,L','男装',323),(350,'S,M,L,XL','男装',363),(351,'M,L,XL,2XL','男装',373),(352,'S,M,L,XL','男装',144),(353,'S,M,L,XL','男装',244),(354,'S,M,L','男装',344),(355,'S,M,L,XL','男装',500),(356,'S,M,L,XL','男装',600),(357,'S,M,L,XL,2XL','男装',700),(358,'S,M,L','男装',400),(359,'XS,S,M,L','男装',800),(360,'S,M,L,XL','男装',900);

/*Table structure for table `tab_order` */

DROP TABLE IF EXISTS `tab_order`;

CREATE TABLE `tab_order` (
  `order_id` int(11) NOT NULL AUTO_INCREMENT COMMENT '订单id',
  `order_time` datetime NOT NULL COMMENT '下单时间',
  `order_sum` double NOT NULL COMMENT '下单金额',
  `order_done` datetime DEFAULT NULL COMMENT '签收时间',
  `cust_id` int(11) NOT NULL COMMENT '顾客id',
  `sel_id` int(11) NOT NULL COMMENT '店铺id',
  `addr_id` int(11) NOT NULL COMMENT '地址id',
  PRIMARY KEY (`order_id`)
) ENGINE=InnoDB AUTO_INCREMENT=926974786 DEFAULT CHARSET=utf8;

/*Data for the table `tab_order` */

insert  into `tab_order`(`order_id`,`order_time`,`order_sum`,`order_done`,`cust_id`,`sel_id`,`addr_id`) values (20687117,'2022-05-15 15:46:21',33.9,'2022-05-15 18:27:44',2,2,32),(40405949,'2022-05-15 20:16:18',116,'2022-05-15 20:16:25',1,1,15),(89328656,'2022-05-15 15:46:21',58,'2022-05-15 18:28:02',2,1,32),(130859770,'2022-05-15 20:16:18',654,'2022-05-15 20:38:31',1,1,15),(307675780,'2022-05-15 20:16:18',167.94,'2022-05-15 20:38:22',1,1,15),(532917984,'2022-05-15 15:46:21',158,'2022-05-15 20:49:59',2,2,32),(564343810,'2022-05-15 15:46:21',112.5,NULL,2,1,32),(702073254,'2022-05-15 20:47:49',240,'2022-05-15 20:48:42',1,1,94),(830550967,'2022-05-15 20:16:18',108.8,'2022-05-15 20:37:49',1,10,15),(926974785,'2022-05-15 20:16:18',447,'2022-05-15 20:38:38',1,6,15);

/*Table structure for table `tab_orderdetails` */

DROP TABLE IF EXISTS `tab_orderdetails`;

CREATE TABLE `tab_orderdetails` (
  `order_id` int(20) NOT NULL COMMENT '详情id',
  `goods_id` int(11) NOT NULL COMMENT '商品id',
  `detail_count` int(11) NOT NULL COMMENT '商品数量',
  `detail_sum` double NOT NULL COMMENT '详情金额',
  PRIMARY KEY (`order_id`)
) ENGINE=InnoDB DEFAULT CHARSET=utf8;

/*Data for the table `tab_orderdetails` */

insert  into `tab_orderdetails`(`order_id`,`goods_id`,`detail_count`,`detail_sum`) values (20687117,134,1,33.9),(40405949,126,2,116),(89328656,126,1,58),(130859770,123,3,654),(307675780,121,3,167.94),(532917984,135,1,158),(564343810,129,1,112.5),(702073254,124,2,240),(830550967,243,1,108.8),(926974785,184,3,447);

/*Table structure for table `tab_seller` */

DROP TABLE IF EXISTS `tab_seller`;

CREATE TABLE `tab_seller` (
  `sel_id` int(11) NOT NULL AUTO_INCREMENT COMMENT '店铺id',
  `sel_account` varchar(10) DEFAULT NULL COMMENT '卖家账号',
  `sel_pwd` varchar(10) DEFAULT NULL COMMENT '卖家密码',
  `sel_store` varchar(20) DEFAULT NULL COMMENT '店铺名字',
  `sel_info` varchar(250) NOT NULL COMMENT '店铺简历',
  `sel_img` varchar(250) NOT NULL COMMENT '店铺logo',
  `sel_local` varchar(50) DEFAULT NULL COMMENT '店铺详情',
  `sel_phone` varchar(11) DEFAULT NULL COMMENT '店铺号码',
  PRIMARY KEY (`sel_id`)
) ENGINE=InnoDB AUTO_INCREMENT=18 DEFAULT CHARSET=utf8;

/*Data for the table `tab_seller` */

insert  into `tab_seller`(`sel_id`,`sel_account`,`sel_pwd`,`sel_store`,`sel_info`,`sel_img`,`sel_local`,`sel_phone`) values (1,'momo','123456','黑色 STAR','卖衣独有的极致快速供应链，大大提高了衣服生产的前导时间，前导时间是指从设计到把成品衣摆在货架出售的时间，世界大牌一般都在180天时间，而麦衣把这一时间缩短到仅有30天，这是具有决定好处的30天，使麦衣不需要提前设计时尚，而能够永久站在时尚流行最前沿。','https://g-search1.alicdn.com/img/bao/uploaded/i4/https://img.alicdn.com/imgextra/i3/2456529148/O1CN01dnLxEm2HRpwiZcPrr_!!2456529148.jpg_140x140Q90.jpg','STAR','17725849497'),(2,'Peret','zxc123','黑色草莓 STRAWBERRY','迈众的时尚捕手长期游走在米兰、巴黎和东京、穿梭于各种时装发布会、时尚场所，奢侈品专卖店和各种各样的时尚品网站，敏锐的捕着欧洲新的时尚流行变化，通常一些顶级品牌的最新设计发布3天后，衣鞋的极致快速供应链就会快速启动，用30天的时间制造出这些时尚衣款，这样的设计与开发产品的方式，保证了麦衣的顾客紧跟时尚潮流，与欧洲最新的时尚同步。','https://g-search1.alicdn.com/img/bao/uploaded/i4/https://img.alicdn.com/imgextra/i1/6000000006470/O1CN01uaZrOK1xfJFqEMpCa_!!6000000006470-0-shopmanager.jpg_140x140Q90.jpg','STRAWBERRY','13956489445'),(3,'Pake','asd123','HelloGirl服饰','小店出生于2021年9月，主要给大家提供性感风格的宝贝，质量上乘，价格适中，欢迎查看。9月25日，新品上市，不求利润，只求销量，不要错过哦！','https://g-search1.alicdn.com/img/bao/uploaded/i4//i3/372096602/O1CN01Q0NaRH1ydlRBnjBrd_!!372096602.jpg_140x140Q90.jpg','HELLOGIRL','15975345682'),(4,'tone','qwe123','惊浪旗舰店','小店出生于2020年2月，主要给大家带给惊艳风格的宝贝，质量上乘，价格适中，欢迎查看……','https://g-search1.alicdn.com/img/bao/uploaded/i4//cf/e2/TB1nM50eYGYBuNjy0FoSuwiBFXa.jpg_140x140Q90.jpg','SHOCKWAVE','14457996352'),(5,'shitake','qaz123','法米曼饰品旗舰店','欢迎光临本店，本店新开张，诚信经营，只赚信誉不赚钱，谢谢。','https://g-search1.alicdn.com/img/bao/uploaded/i4//i2/2209119299412/O1CN01JFHAf52JOkQtJpoRi_!!2209119299412.jpg_140x140Q90.jpg','FAMY','15887746951'),(6,'shidifu','wsx123','热风旗舰店','本店商品均属正品，假一罚十信誉保证。欢迎广大顾客前来放心选购，我们将竭诚为您服务！','https://g-search1.alicdn.com/img/bao/uploaded/i4//i3/106852162/O1CN01N6sBhd1RqEp09tpI3_!!106852162.jpg_140x140Q90.jpg','HOTWIND','16677559955'),(7,'natasha','edc123','宁莎旗舰店','本店专门营销什么什么商品，假一罚十信誉保证。本店的服务宗旨是用心服务，以诚待人！','https://g-search1.alicdn.com/img/bao/uploaded/i4//25/95/TB1BjA1FFXXXXXyXpXXSutbFXXX.jpg_140x140Q90.jpg','NINGSHA','14725895175'),(8,'banna','qsc123','元宿街头服饰旗舰店','本店时尚（饰品/服饰）有上百款女装和千余款饰品可供选取，价格低，服务佳，欢迎来店选购，可搜索店铺名：本店时尚（饰品/服饰）或者掌柜名：本店，另本店为了感谢顾客特地准备了一件零利润的商品带给给大家够吗，可爱时尚的灯泡钥匙扣！','https://g-search1.alicdn.com/img/bao/uploaded/i4/https://img.alicdn.com/imgextra/i1/6000000008012/O1CN01iSvHwA293XwqSiXJf_!!6000000008012-1-shopmanager.gif_140x140Q90.jpg','YUANLODGE','15565439488'),(9,'neke','rsz123','幽灵舞步旗舰店','我是新店家，别的不敢说，质量对得起良心。','https://g-search1.alicdn.com/img/bao/uploaded/i4//24/0b/T1DCJHXplcXXb1upjX.jpg_140x140Q90.jpg','GHOST ','17885224785'),(10,'furue','awdx12','唐狮官方旗舰店','本店商品厂家直接进货，款式别致，尺寸齐全，必有一款适合你欢迎惠顾！','https://g-search1.alicdn.com/img/bao/uploaded/i4//b9/e0/TB1K_7remf2gK0jSZFPSutsopXa.jpg_140x140Q90.jpg','TONLION','18654862347'),(11,'tuoer','cxz123','蝶玉恋饰品旗舰店','感谢你能进入我的店铺！我自己有个宗旨就是买任何东西或者消费只找专业的，因为只有专业的商家才能做好他的特色，为你带给专业化的服务，所以我也想把这个推荐带给每一个客人，选取专业，选取优质的贴心服务，\"JACKY\"从业服装外贸销售多年，行业知识丰富，紧跟时尚前沿，所卖衣服都是到熟悉的服装公司直接拿货，精心挑选的款式，其他店肯定没有的，所以找\"JACKY\"准没错！期望我们能成为知心的朋友','https://g-search1.alicdn.com/img/bao/uploaded/i4//3e/c1/TB1pEsZXA7mBKNjSZFySuvydFXa.jpg_140x140Q90.jpg','BUTTERFLYLOVEJADE','15894597863'),(12,'bunuosi','dsa123','enjoyit旗舰店','伊芙坊间的衣橱主营服装饰品类，选取与厂家生产直接挂钩，这样亲们在购物的过程中，能够以最实惠的价格买到相同宝贝里最好的品质，我们能够充分保证宝贝一分价钱一分货！由于与厂家直接挂钩，我们的货源充足，并且款式更新及时，能为广大亲们带给更多的宝贝选取！','https://g-search1.alicdn.com/img/bao/uploaded/i4//8d/6d/TB1psqGd1L2gK0jSZPhSuuhvXXa.jpg_140x140Q90.jpg','ENJOYIT','13456982645'),(13,'loji','ewq123','veromoda官方旗舰店','欢迎光临本店，您的支持是我们最大的前进动力，本店所有产品均低价销售，并且保证质量，需要的亲请放心购买，我们必须会给您一个最舒心的购物体验！','https://g-search1.alicdn.com/img/bao/uploaded/i4//3b/44/TB1oLbdJFXXXXcEXpXXSutbFXXX.jpg_140x140Q90.jpg','VEROMODA','16548523548'),(14,'weierxun','cde123','尚曼斯旗舰店','本店所有的商品照片为专业摄影师拍摄，后期精心修制及色彩调整，尽量与实际商品持续一致，但由于拍摄时用光、角度、显示器色彩偏差、个人对色彩的认知等方面的差异，导致实物可能会与照片存在一些色差，最终色彩以实际商品为准。请在购买前与我们客服充分沟通后做出慎重选取。色差问题将不被我们认可当退换货的理由！','https://g-search1.alicdn.com/img/bao/uploaded/i4//90/f6/TB1ifyaSpXXXXXYXpXXSutbFXXX.jpg_140x140Q90.jpg','SHANGMAN','13225855644'),(15,'emma','xsw123','法澳娜旗舰店','欢迎光临本店！本店带给优质的商品，完美的售后服力，让您买得放心，买得舒心！所有商品价格已经是最低，请勿议价！有任何疑问请与下面亮灯客服联系，将为您带给耐心解答！','https://g-search1.alicdn.com/img/bao/uploaded/i4//ab/4b/TB1WOwNcqNj0u4jSZFySutgMVXa.jpg_140x140Q90.jpg','METHODOFMACAU','15242458785'),(16,'luogen','zaq123','夕夕米里Miri','本店郑重承诺，我们将一如既往为各位顾客带来优质的服务！三年来，我们一步一个脚印的成长着，能够做到性价比最优，请各位放心购买！本店默认XX快递，如有个性要求联系客服备注！有任何问题请联系亮灯客服。','https://g-search1.alicdn.com/img/bao/uploaded/i4//cd/73/TB1jAp6yhTpK1RjSZFMSuvG_VXa.jpg_140x140Q90.jpg','MIRI','18978545685'),(17,'ghostrider','rfv123','纯娇恋旗舰店','可爱的亲们，经过两个月的紧张筹备，伊芙坊间已经开张啦热烈欢迎广大亲们前来光顾我将以我最真诚的服务为大家带给最佳的购物体验！','https://img.alicdn.com/tps/i1/T1_GC6XmXaXXXXXXXX-70-70.gif_140x140Q90.jpg_.webp','PURELOVEJIAO','13756984525');

/*!40101 SET SQL_MODE=@OLD_SQL_MODE */;
/*!40014 SET FOREIGN_KEY_CHECKS=@OLD_FOREIGN_KEY_CHECKS */;
/*!40014 SET UNIQUE_CHECKS=@OLD_UNIQUE_CHECKS */;
/*!40111 SET SQL_NOTES=@OLD_SQL_NOTES */;
